SET FOREIGN_KEY_CHECKS = 0;
SET SQL_SAFE_UPDATES = 0;


INSERT INTO belongs_to (scientific_field,project_ID) VALUES ("Physics", "8");
INSERT INTO belongs_to (scientific_field,project_ID) VALUES ("Power & Environment", "186");
INSERT INTO belongs_to (scientific_field,project_ID) VALUES ("Physics", "90");
INSERT INTO belongs_to (scientific_field,project_ID) VALUES ("Managment", "90");
INSERT INTO belongs_to (scientific_field,project_ID) VALUES ("Aerodynamics & Hydrodynamics", "91");
INSERT INTO belongs_to (scientific_field,project_ID) VALUES ("Biology & Health", "145");
INSERT INTO belongs_to (scientific_field,project_ID) VALUES ("Managment", "131");
INSERT INTO belongs_to (scientific_field,project_ID) VALUES ("Math & Computer Science", "141");
INSERT INTO belongs_to (scientific_field,project_ID) VALUES ("Physics", "200");
INSERT INTO belongs_to (scientific_field,project_ID) VALUES ("Aerodynamics & Hydrodynamics", "133");
INSERT INTO belongs_to (scientific_field,project_ID) VALUES ("Biology & Health", "64");
INSERT INTO belongs_to (scientific_field,project_ID) VALUES ("Computer Engineering", "126");
INSERT INTO belongs_to (scientific_field,project_ID) VALUES ("Biology & Health", "32");
INSERT INTO belongs_to (scientific_field,project_ID) VALUES ("Biology & Health", "18");
INSERT INTO belongs_to (scientific_field,project_ID) VALUES ("Math & Computer Science", "197");
INSERT INTO belongs_to (scientific_field,project_ID) VALUES ("Aerodynamics & Hydrodynamics", "4");
INSERT INTO belongs_to (scientific_field,project_ID) VALUES ("Computer Engineering", "121");
INSERT INTO belongs_to (scientific_field,project_ID) VALUES ("Physics", "142");
INSERT INTO belongs_to (scientific_field,project_ID) VALUES ("Math & Computer Science", "11");
INSERT INTO belongs_to (scientific_field,project_ID) VALUES ("Social Science", "20");
INSERT INTO belongs_to (scientific_field,project_ID) VALUES ("Math & Computer Science", "170");
INSERT INTO belongs_to (scientific_field,project_ID) VALUES ("Power & Environment", "66");
INSERT INTO belongs_to (scientific_field,project_ID) VALUES ("Biology & Health", "194");
INSERT INTO belongs_to (scientific_field,project_ID) VALUES ("Physics", "196");
INSERT INTO belongs_to (scientific_field,project_ID) VALUES ("Social Science", "154");
INSERT INTO belongs_to (scientific_field,project_ID) VALUES ("Managment", "92");
INSERT INTO belongs_to (scientific_field,project_ID) VALUES ("Power & Environment", "184");
INSERT INTO belongs_to (scientific_field,project_ID) VALUES ("Power & Environment", "47");
INSERT INTO belongs_to (scientific_field,project_ID) VALUES ("Power & Environment", "51");
INSERT INTO belongs_to (scientific_field,project_ID) VALUES ("Biology & Health", "58");
INSERT INTO belongs_to (scientific_field,project_ID) VALUES ("Biology & Health", "191");
INSERT INTO belongs_to (scientific_field,project_ID) VALUES ("Power & Environment", "162");
INSERT INTO belongs_to (scientific_field,project_ID) VALUES ("Agricultural Science", "141");
INSERT INTO belongs_to (scientific_field,project_ID) VALUES ("Power & Environment", "9");
INSERT INTO belongs_to (scientific_field,project_ID) VALUES ("Power & Environment", "196");
INSERT INTO belongs_to (scientific_field,project_ID) VALUES ("Aerodynamics & Hydrodynamics", "23");
INSERT INTO belongs_to (scientific_field,project_ID) VALUES ("Biology & Health", "104");
INSERT INTO belongs_to (scientific_field,project_ID) VALUES ("Physics", "178");
INSERT INTO belongs_to (scientific_field,project_ID) VALUES ("Aerodynamics & Hydrodynamics", "143");
INSERT INTO belongs_to (scientific_field,project_ID) VALUES ("Power & Environment", "146");
INSERT INTO belongs_to (scientific_field,project_ID) VALUES ("Agricultural Science", "126");
INSERT INTO belongs_to (scientific_field,project_ID) VALUES ("Computer Engineering", "155");
INSERT INTO belongs_to (scientific_field,project_ID) VALUES ("Biology & Health", "187");
INSERT INTO belongs_to (scientific_field,project_ID) VALUES ("Math & Computer Science", "189");
INSERT INTO belongs_to (scientific_field,project_ID) VALUES ("Computer Engineering", "157");
INSERT INTO belongs_to (scientific_field,project_ID) VALUES ("Computer Engineering", "185");
INSERT INTO belongs_to (scientific_field,project_ID) VALUES ("Power & Environment", "164");
INSERT INTO belongs_to (scientific_field,project_ID) VALUES ("Social Science", "164");
INSERT INTO belongs_to (scientific_field,project_ID) VALUES ("Computer Engineering", "60");
INSERT INTO belongs_to (scientific_field,project_ID) VALUES ("Computer Engineering", "33");
INSERT INTO belongs_to (scientific_field,project_ID) VALUES ("Biology & Health", "23");
INSERT INTO belongs_to (scientific_field,project_ID) VALUES ("Agricultural Science", "90");
INSERT INTO belongs_to (scientific_field,project_ID) VALUES ("Biology & Health", "96");
INSERT INTO belongs_to (scientific_field,project_ID) VALUES ("Power & Environment", "84");
INSERT INTO belongs_to (scientific_field,project_ID) VALUES ("Managment", "59");
INSERT INTO belongs_to (scientific_field,project_ID) VALUES ("Managment", "122");
INSERT INTO belongs_to (scientific_field,project_ID) VALUES ("Agricultural Science", "18");
INSERT INTO belongs_to (scientific_field,project_ID) VALUES ("Computer Engineering", "133");
INSERT INTO belongs_to (scientific_field,project_ID) VALUES ("Biology & Health", "73");
INSERT INTO belongs_to (scientific_field,project_ID) VALUES ("Biology & Health", "109");
INSERT INTO belongs_to (scientific_field,project_ID) VALUES ("Managment", "132");
INSERT INTO belongs_to (scientific_field,project_ID) VALUES ("Power & Environment", "100");
INSERT INTO belongs_to (scientific_field,project_ID) VALUES ("Social Science", "9");
INSERT INTO belongs_to (scientific_field,project_ID) VALUES ("Social Science", "14");
INSERT INTO belongs_to (scientific_field,project_ID) VALUES ("Computer Engineering", "89");
INSERT INTO belongs_to (scientific_field,project_ID) VALUES ("Managment", "27");
INSERT INTO belongs_to (scientific_field,project_ID) VALUES ("Agricultural Science", "171");
INSERT INTO belongs_to (scientific_field,project_ID) VALUES ("Biology & Health", "91");
INSERT INTO belongs_to (scientific_field,project_ID) VALUES ("Math & Computer Science", "159");
INSERT INTO belongs_to (scientific_field,project_ID) VALUES ("Agricultural Science", "16");
INSERT INTO belongs_to (scientific_field,project_ID) VALUES ("Biology & Health", "65");
INSERT INTO belongs_to (scientific_field,project_ID) VALUES ("Computer Engineering", "1");
INSERT INTO belongs_to (scientific_field,project_ID) VALUES ("Physics", "79");
INSERT INTO belongs_to (scientific_field,project_ID) VALUES ("Math & Computer Science", "177");
INSERT INTO belongs_to (scientific_field,project_ID) VALUES ("Math & Computer Science", "199");
INSERT INTO belongs_to (scientific_field,project_ID) VALUES ("Physics", "101");
INSERT INTO belongs_to (scientific_field,project_ID) VALUES ("Biology & Health", "24");
INSERT INTO belongs_to (scientific_field,project_ID) VALUES ("Computer Engineering", "179");
INSERT INTO belongs_to (scientific_field,project_ID) VALUES ("Biology & Health", "19");
INSERT INTO belongs_to (scientific_field,project_ID) VALUES ("Aerodynamics & Hydrodynamics", "70");
INSERT INTO belongs_to (scientific_field,project_ID) VALUES ("Power & Environment", "195");
INSERT INTO belongs_to (scientific_field,project_ID) VALUES ("Agricultural Science", "87");
INSERT INTO belongs_to (scientific_field,project_ID) VALUES ("Biology & Health", "177");
INSERT INTO belongs_to (scientific_field,project_ID) VALUES ("Math & Computer Science", "103");
INSERT INTO belongs_to (scientific_field,project_ID) VALUES ("Managment", "143");
INSERT INTO belongs_to (scientific_field,project_ID) VALUES ("Managment", "43");
INSERT INTO belongs_to (scientific_field,project_ID) VALUES ("Physics", "155");
INSERT INTO belongs_to (scientific_field,project_ID) VALUES ("Aerodynamics & Hydrodynamics", "106");
INSERT INTO belongs_to (scientific_field,project_ID) VALUES ("Physics", "96");
INSERT INTO belongs_to (scientific_field,project_ID) VALUES ("Computer Engineering", "174");
INSERT INTO belongs_to (scientific_field,project_ID) VALUES ("Managment", "67");
INSERT INTO belongs_to (scientific_field,project_ID) VALUES ("Social Science", "88");
INSERT INTO belongs_to (scientific_field,project_ID) VALUES ("Math & Computer Science", "119");
INSERT INTO belongs_to (scientific_field,project_ID) VALUES ("Physics", "174");
INSERT INTO belongs_to (scientific_field,project_ID) VALUES ("Managment", "96");
INSERT INTO belongs_to (scientific_field,project_ID) VALUES ("Math & Computer Science", "62");
INSERT INTO belongs_to (scientific_field,project_ID) VALUES ("Power & Environment", "160");
INSERT INTO belongs_to (scientific_field,project_ID) VALUES ("Aerodynamics & Hydrodynamics", "99");
INSERT INTO belongs_to (scientific_field,project_ID) VALUES ("Managment", "114");
INSERT INTO belongs_to (scientific_field,project_ID) VALUES ("Managment", "31");
INSERT INTO belongs_to (scientific_field,project_ID) VALUES ("Physics", "34");
INSERT INTO belongs_to (scientific_field,project_ID) VALUES ("Aerodynamics & Hydrodynamics", "64");
INSERT INTO belongs_to (scientific_field,project_ID) VALUES ("Aerodynamics & Hydrodynamics", "56");
INSERT INTO belongs_to (scientific_field,project_ID) VALUES ("Aerodynamics & Hydrodynamics", "185");
INSERT INTO belongs_to (scientific_field,project_ID) VALUES ("Social Science", "179");
INSERT INTO belongs_to (scientific_field,project_ID) VALUES ("Biology & Health", "140");
INSERT INTO belongs_to (scientific_field,project_ID) VALUES ("Computer Engineering", "198");
INSERT INTO belongs_to (scientific_field,project_ID) VALUES ("Social Science", "127");
INSERT INTO belongs_to (scientific_field,project_ID) VALUES ("Math & Computer Science", "39");
INSERT INTO belongs_to (scientific_field,project_ID) VALUES ("Physics", "93");
INSERT INTO belongs_to (scientific_field,project_ID) VALUES ("Power & Environment", "182");
INSERT INTO belongs_to (scientific_field,project_ID) VALUES ("Agricultural Science", "138");
INSERT INTO belongs_to (scientific_field,project_ID) VALUES ("Biology & Health", "17");
INSERT INTO belongs_to (scientific_field,project_ID) VALUES ("Physics", "125");
INSERT INTO belongs_to (scientific_field,project_ID) VALUES ("Power & Environment", "179");
INSERT INTO belongs_to (scientific_field,project_ID) VALUES ("Math & Computer Science", "113");
INSERT INTO belongs_to (scientific_field,project_ID) VALUES ("Math & Computer Science", "52");
INSERT INTO belongs_to (scientific_field,project_ID) VALUES ("Social Science", "183");
INSERT INTO belongs_to (scientific_field,project_ID) VALUES ("Social Science", "162");
INSERT INTO belongs_to (scientific_field,project_ID) VALUES ("Agricultural Science", "140");
INSERT INTO belongs_to (scientific_field,project_ID) VALUES ("Social Science", "170");
INSERT INTO belongs_to (scientific_field,project_ID) VALUES ("Aerodynamics & Hydrodynamics", "145");
INSERT INTO belongs_to (scientific_field,project_ID) VALUES ("Math & Computer Science", "48");
INSERT INTO belongs_to (scientific_field,project_ID) VALUES ("Aerodynamics & Hydrodynamics", "20");
INSERT INTO belongs_to (scientific_field,project_ID) VALUES ("Math & Computer Science", "111");
INSERT INTO belongs_to (scientific_field,project_ID) VALUES ("Biology & Health", "5");
INSERT INTO belongs_to (scientific_field,project_ID) VALUES ("Managment", "174");
INSERT INTO belongs_to (scientific_field,project_ID) VALUES ("Managment", "167");
INSERT INTO belongs_to (scientific_field,project_ID) VALUES ("Computer Engineering", "195");
INSERT INTO belongs_to (scientific_field,project_ID) VALUES ("Biology & Health", "169");
INSERT INTO belongs_to (scientific_field,project_ID) VALUES ("Biology & Health", "123");
INSERT INTO belongs_to (scientific_field,project_ID) VALUES ("Math & Computer Science", "146");
INSERT INTO belongs_to (scientific_field,project_ID) VALUES ("Managment", "100");
INSERT INTO belongs_to (scientific_field,project_ID) VALUES ("Agricultural Science", "12");
INSERT INTO belongs_to (scientific_field,project_ID) VALUES ("Agricultural Science", "116");
INSERT INTO belongs_to (scientific_field,project_ID) VALUES ("Computer Engineering", "58");
INSERT INTO belongs_to (scientific_field,project_ID) VALUES ("Biology & Health", "157");
INSERT INTO belongs_to (scientific_field,project_ID) VALUES ("Computer Engineering", "57");
INSERT INTO belongs_to (scientific_field,project_ID) VALUES ("Managment", "184");
INSERT INTO belongs_to (scientific_field,project_ID) VALUES ("Social Science", "81");
INSERT INTO belongs_to (scientific_field,project_ID) VALUES ("Agricultural Science", "70");
INSERT INTO belongs_to (scientific_field,project_ID) VALUES ("Power & Environment", "72");
INSERT INTO belongs_to (scientific_field,project_ID) VALUES ("Managment", "108");
INSERT INTO belongs_to (scientific_field,project_ID) VALUES ("Managment", "57");
INSERT INTO belongs_to (scientific_field,project_ID) VALUES ("Physics", "188");
INSERT INTO belongs_to (scientific_field,project_ID) VALUES ("Biology & Health", "12");
INSERT INTO belongs_to (scientific_field,project_ID) VALUES ("Managment", "61");
INSERT INTO belongs_to (scientific_field,project_ID) VALUES ("Biology & Health", "97");
INSERT INTO belongs_to (scientific_field,project_ID) VALUES ("Biology & Health", "9");
INSERT INTO belongs_to (scientific_field,project_ID) VALUES ("Physics", "120");
INSERT INTO belongs_to (scientific_field,project_ID) VALUES ("Physics", "46");
INSERT INTO belongs_to (scientific_field,project_ID) VALUES ("Power & Environment", "70");
INSERT INTO belongs_to (scientific_field,project_ID) VALUES ("Biology & Health", "10");
INSERT INTO belongs_to (scientific_field,project_ID) VALUES ("Managment", "97");
INSERT INTO belongs_to (scientific_field,project_ID) VALUES ("Biology & Health", "92");
INSERT INTO belongs_to (scientific_field,project_ID) VALUES ("Physics", "95");
INSERT INTO belongs_to (scientific_field,project_ID) VALUES ("Agricultural Science", "33");
INSERT INTO belongs_to (scientific_field,project_ID) VALUES ("Agricultural Science", "97");
INSERT INTO belongs_to (scientific_field,project_ID) VALUES ("Agricultural Science", "131");
INSERT INTO belongs_to (scientific_field,project_ID) VALUES ("Social Science", "147");
INSERT INTO belongs_to (scientific_field,project_ID) VALUES ("Power & Environment", "99");
INSERT INTO belongs_to (scientific_field,project_ID) VALUES ("Managment", "168");
INSERT INTO belongs_to (scientific_field,project_ID) VALUES ("Biology & Health", "21");
INSERT INTO belongs_to (scientific_field,project_ID) VALUES ("Power & Environment", "26");
INSERT INTO belongs_to (scientific_field,project_ID) VALUES ("Aerodynamics & Hydrodynamics", "3");
INSERT INTO belongs_to (scientific_field,project_ID) VALUES ("Physics", "147");
INSERT INTO belongs_to (scientific_field,project_ID) VALUES ("Managment", "194");
INSERT INTO belongs_to (scientific_field,project_ID) VALUES ("Physics", "73");
INSERT INTO belongs_to (scientific_field,project_ID) VALUES ("Biology & Health", "154");
INSERT INTO belongs_to (scientific_field,project_ID) VALUES ("Physics", "45");
INSERT INTO belongs_to (scientific_field,project_ID) VALUES ("Physics", "163");
INSERT INTO belongs_to (scientific_field,project_ID) VALUES ("Computer Engineering", "95");
INSERT INTO belongs_to (scientific_field,project_ID) VALUES ("Physics", "21");
INSERT INTO belongs_to (scientific_field,project_ID) VALUES ("Agricultural Science", "118");
INSERT INTO belongs_to (scientific_field,project_ID) VALUES ("Biology & Health", "188");
INSERT INTO belongs_to (scientific_field,project_ID) VALUES ("Social Science", "112");
INSERT INTO belongs_to (scientific_field,project_ID) VALUES ("Math & Computer Science", "149");
INSERT INTO belongs_to (scientific_field,project_ID) VALUES ("Managment", "145");
INSERT INTO belongs_to (scientific_field,project_ID) VALUES ("Computer Engineering", "74");
INSERT INTO belongs_to (scientific_field,project_ID) VALUES ("Power & Environment", "139");
INSERT INTO belongs_to (scientific_field,project_ID) VALUES ("Social Science", "152");
INSERT INTO belongs_to (scientific_field,project_ID) VALUES ("Social Science", "193");
INSERT INTO belongs_to (scientific_field,project_ID) VALUES ("Social Science", "104");
INSERT INTO belongs_to (scientific_field,project_ID) VALUES ("Computer Engineering", "47");
INSERT INTO belongs_to (scientific_field,project_ID) VALUES ("Computer Engineering", "70");
INSERT INTO belongs_to (scientific_field,project_ID) VALUES ("Math & Computer Science", "12");
INSERT INTO belongs_to (scientific_field,project_ID) VALUES ("Physics", "4");
INSERT INTO belongs_to (scientific_field,project_ID) VALUES ("Social Science", "82");
INSERT INTO belongs_to (scientific_field,project_ID) VALUES ("Power & Environment", "85");
INSERT INTO belongs_to (scientific_field,project_ID) VALUES ("Managment", "36");
INSERT INTO belongs_to (scientific_field,project_ID) VALUES ("Social Science", "151");
INSERT INTO belongs_to (scientific_field,project_ID) VALUES ("Aerodynamics & Hydrodynamics", "5");
INSERT INTO belongs_to (scientific_field,project_ID) VALUES ("Managment", "2");
INSERT INTO belongs_to (scientific_field,project_ID) VALUES ("Computer Engineering", "144");
INSERT INTO belongs_to (scientific_field,project_ID) VALUES ("Math & Computer Science", "152");
INSERT INTO belongs_to (scientific_field,project_ID) VALUES ("Agricultural Science", "147");
INSERT INTO belongs_to (scientific_field,project_ID) VALUES ("Power & Environment", "4");
INSERT INTO belongs_to (scientific_field,project_ID) VALUES ("Social Science", "60");
INSERT INTO belongs_to (scientific_field,project_ID) VALUES ("Physics", "51");
INSERT INTO belongs_to (scientific_field,project_ID) VALUES ("Agricultural Science", "95");
INSERT INTO belongs_to (scientific_field,project_ID) VALUES ("Agricultural Science", "168");
INSERT INTO belongs_to (scientific_field,project_ID) VALUES ("Agricultural Science", "71");
INSERT INTO belongs_to (scientific_field,project_ID) VALUES ("Aerodynamics & Hydrodynamics", "59");
INSERT INTO belongs_to (scientific_field,project_ID) VALUES ("Math & Computer Science", "67");
INSERT INTO belongs_to (scientific_field,project_ID) VALUES ("Power & Environment", "143");
INSERT INTO belongs_to (scientific_field,project_ID) VALUES ("Math & Computer Science", "115");
INSERT INTO belongs_to (scientific_field,project_ID) VALUES ("Math & Computer Science", "169");
INSERT INTO belongs_to (scientific_field,project_ID) VALUES ("Biology & Health", "117");
INSERT INTO belongs_to (scientific_field,project_ID) VALUES ("Biology & Health", "84");
INSERT INTO belongs_to (scientific_field,project_ID) VALUES ("Power & Environment", "187");
INSERT INTO belongs_to (scientific_field,project_ID) VALUES ("Agricultural Science", "35");
INSERT INTO belongs_to (scientific_field,project_ID) VALUES ("Power & Environment", "120");
INSERT INTO belongs_to (scientific_field,project_ID) VALUES ("Social Science", "198");
INSERT INTO belongs_to (scientific_field,project_ID) VALUES ("Social Science", "44");
INSERT INTO belongs_to (scientific_field,project_ID) VALUES ("Physics", "24");
INSERT INTO belongs_to (scientific_field,project_ID) VALUES ("Physics", "80");
INSERT INTO belongs_to (scientific_field,project_ID) VALUES ("Social Science", "122");
INSERT INTO belongs_to (scientific_field,project_ID) VALUES ("Aerodynamics & Hydrodynamics", "166");
INSERT INTO belongs_to (scientific_field,project_ID) VALUES ("Physics", "16");
INSERT INTO belongs_to (scientific_field,project_ID) VALUES ("Agricultural Science", "2");
INSERT INTO belongs_to (scientific_field,project_ID) VALUES ("Computer Engineering", "135");
INSERT INTO belongs_to (scientific_field,project_ID) VALUES ("Math & Computer Science", "38");
INSERT INTO belongs_to (scientific_field,project_ID) VALUES ("Managment", "187");
INSERT INTO belongs_to (scientific_field,project_ID) VALUES ("Math & Computer Science", "41");
INSERT INTO belongs_to (scientific_field,project_ID) VALUES ("Power & Environment", "52");
INSERT INTO belongs_to (scientific_field,project_ID) VALUES ("Biology & Health", "11");
INSERT INTO belongs_to (scientific_field,project_ID) VALUES ("Social Science", "63");
INSERT INTO belongs_to (scientific_field,project_ID) VALUES ("Computer Engineering", "62");
INSERT INTO belongs_to (scientific_field,project_ID) VALUES ("Math & Computer Science", "69");
INSERT INTO belongs_to (scientific_field,project_ID) VALUES ("Power & Environment", "191");
INSERT INTO belongs_to (scientific_field,project_ID) VALUES ("Biology & Health", "143");
INSERT INTO belongs_to (scientific_field,project_ID) VALUES ("Social Science", "102");
INSERT INTO belongs_to (scientific_field,project_ID) VALUES ("Aerodynamics & Hydrodynamics", "196");
INSERT INTO belongs_to (scientific_field,project_ID) VALUES ("Managment", "17");
INSERT INTO belongs_to (scientific_field,project_ID) VALUES ("Managment", "151");
INSERT INTO belongs_to (scientific_field,project_ID) VALUES ("Power & Environment", "175");
INSERT INTO belongs_to (scientific_field,project_ID) VALUES ("Managment", "169");
INSERT INTO belongs_to (scientific_field,project_ID) VALUES ("Power & Environment", "109");
INSERT INTO belongs_to (scientific_field,project_ID) VALUES ("Physics", "69");
INSERT INTO belongs_to (scientific_field,project_ID) VALUES ("Math & Computer Science", "132");
INSERT INTO belongs_to (scientific_field,project_ID) VALUES ("Math & Computer Science", "112");
INSERT INTO belongs_to (scientific_field,project_ID) VALUES ("Aerodynamics & Hydrodynamics", "69");
INSERT INTO belongs_to (scientific_field,project_ID) VALUES ("Biology & Health", "159");
INSERT INTO belongs_to (scientific_field,project_ID) VALUES ("Managment", "156");
INSERT INTO belongs_to (scientific_field,project_ID) VALUES ("Physics", "110");
INSERT INTO belongs_to (scientific_field,project_ID) VALUES ("Power & Environment", "107");
INSERT INTO belongs_to (scientific_field,project_ID) VALUES ("Computer Engineering", "119");
INSERT INTO belongs_to (scientific_field,project_ID) VALUES ("Math & Computer Science", "15");
INSERT INTO belongs_to (scientific_field,project_ID) VALUES ("Social Science", "121");
INSERT INTO belongs_to (scientific_field,project_ID) VALUES ("Managment", "77");
INSERT INTO belongs_to (scientific_field,project_ID) VALUES ("Managment", "13");
INSERT INTO belongs_to (scientific_field,project_ID) VALUES ("Biology & Health", "52");
INSERT INTO belongs_to (scientific_field,project_ID) VALUES ("Computer Engineering", "82");
INSERT INTO belongs_to (scientific_field,project_ID) VALUES ("Aerodynamics & Hydrodynamics", "160");
INSERT INTO belongs_to (scientific_field,project_ID) VALUES ("Aerodynamics & Hydrodynamics", "162");
INSERT INTO belongs_to (scientific_field,project_ID) VALUES ("Social Science", "158");
INSERT INTO belongs_to (scientific_field,project_ID) VALUES ("Social Science", "33");
INSERT INTO belongs_to (scientific_field,project_ID) VALUES ("Math & Computer Science", "133");
INSERT INTO belongs_to (scientific_field,project_ID) VALUES ("Computer Engineering", "21");
INSERT INTO belongs_to (scientific_field,project_ID) VALUES ("Biology & Health", "125");
INSERT INTO belongs_to (scientific_field,project_ID) VALUES ("Agricultural Science", "146");
INSERT INTO belongs_to (scientific_field,project_ID) VALUES ("Biology & Health", "139");
INSERT INTO belongs_to (scientific_field,project_ID) VALUES ("Physics", "66");
INSERT INTO belongs_to (scientific_field,project_ID) VALUES ("Physics", "15");
INSERT INTO belongs_to (scientific_field,project_ID) VALUES ("Managment", "41");
INSERT INTO belongs_to (scientific_field,project_ID) VALUES ("Agricultural Science", "91");
INSERT INTO belongs_to (scientific_field,project_ID) VALUES ("Physics", "78");
INSERT INTO belongs_to (scientific_field,project_ID) VALUES ("Math & Computer Science", "99");
INSERT INTO belongs_to (scientific_field,project_ID) VALUES ("Biology & Health", "47");
INSERT INTO belongs_to (scientific_field,project_ID) VALUES ("Aerodynamics & Hydrodynamics", "172");
INSERT INTO belongs_to (scientific_field,project_ID) VALUES ("Math & Computer Science", "73");
INSERT INTO belongs_to (scientific_field,project_ID) VALUES ("Agricultural Science", "175");
INSERT INTO belongs_to (scientific_field,project_ID) VALUES ("Physics", "25");
INSERT INTO belongs_to (scientific_field,project_ID) VALUES ("Computer Engineering", "66");
INSERT INTO belongs_to (scientific_field,project_ID) VALUES ("Aerodynamics & Hydrodynamics", "142");
INSERT INTO belongs_to (scientific_field,project_ID) VALUES ("Agricultural Science", "136");
INSERT INTO belongs_to (scientific_field,project_ID) VALUES ("Social Science", "54");
INSERT INTO belongs_to (scientific_field,project_ID) VALUES ("Physics", "26");
INSERT INTO belongs_to (scientific_field,project_ID) VALUES ("Math & Computer Science", "92");
INSERT INTO belongs_to (scientific_field,project_ID) VALUES ("Math & Computer Science", "74");
INSERT INTO belongs_to (scientific_field,project_ID) VALUES ("Aerodynamics & Hydrodynamics", "37");
INSERT INTO belongs_to (scientific_field,project_ID) VALUES ("Physics", "18");
INSERT INTO belongs_to (scientific_field,project_ID) VALUES ("Computer Engineering", "147");
INSERT INTO belongs_to (scientific_field,project_ID) VALUES ("Physics", "81");
INSERT INTO belongs_to (scientific_field,project_ID) VALUES ("Managment", "166");
INSERT INTO belongs_to (scientific_field,project_ID) VALUES ("Computer Engineering", "52");
INSERT INTO belongs_to (scientific_field,project_ID) VALUES ("Power & Environment", "83");
INSERT INTO belongs_to (scientific_field,project_ID) VALUES ("Computer Engineering", "42");
INSERT INTO belongs_to (scientific_field,project_ID) VALUES ("Managment", "52");
INSERT INTO belongs_to (scientific_field,project_ID) VALUES ("Computer Engineering", "166");
INSERT INTO belongs_to (scientific_field,project_ID) VALUES ("Physics", "129");
INSERT INTO belongs_to (scientific_field,project_ID) VALUES ("Managment", "63");
INSERT INTO belongs_to (scientific_field,project_ID) VALUES ("Managment", "149");
INSERT INTO belongs_to (scientific_field,project_ID) VALUES ("Biology & Health", "122");
INSERT INTO belongs_to (scientific_field,project_ID) VALUES ("Aerodynamics & Hydrodynamics", "46");
INSERT INTO belongs_to (scientific_field,project_ID) VALUES ("Aerodynamics & Hydrodynamics", "22");
INSERT INTO belongs_to (scientific_field,project_ID) VALUES ("Agricultural Science", "189");
INSERT INTO belongs_to (scientific_field,project_ID) VALUES ("Math & Computer Science", "102");
INSERT INTO belongs_to (scientific_field,project_ID) VALUES ("Agricultural Science", "103");
INSERT INTO belongs_to (scientific_field,project_ID) VALUES ("Physics", "145");
INSERT INTO belongs_to (scientific_field,project_ID) VALUES ("Math & Computer Science", "171");
INSERT INTO belongs_to (scientific_field,project_ID) VALUES ("Biology & Health", "185");
INSERT INTO belongs_to (scientific_field,project_ID) VALUES ("Agricultural Science", "108");
INSERT INTO belongs_to (scientific_field,project_ID) VALUES ("Biology & Health", "29");
INSERT INTO belongs_to (scientific_field,project_ID) VALUES ("Managment", "165");
INSERT INTO belongs_to (scientific_field,project_ID) VALUES ("Power & Environment", "110");
INSERT INTO belongs_to (scientific_field,project_ID) VALUES ("Biology & Health", "190");
INSERT INTO belongs_to (scientific_field,project_ID) VALUES ("Biology & Health", "14");
INSERT INTO belongs_to (scientific_field,project_ID) VALUES ("Agricultural Science", "73");
INSERT INTO belongs_to (scientific_field,project_ID) VALUES ("Math & Computer Science", "89");
INSERT INTO belongs_to (scientific_field,project_ID) VALUES ("Agricultural Science", "14");
INSERT INTO belongs_to (scientific_field,project_ID) VALUES ("Agricultural Science", "30");
INSERT INTO belongs_to (scientific_field,project_ID) VALUES ("Power & Environment", "93");
INSERT INTO belongs_to (scientific_field,project_ID) VALUES ("Social Science", "172");
INSERT INTO belongs_to (scientific_field,project_ID) VALUES ("Physics", "1");
INSERT INTO belongs_to (scientific_field,project_ID) VALUES ("Power & Environment", "142");
INSERT INTO belongs_to (scientific_field,project_ID) VALUES ("Agricultural Science", "74");
INSERT INTO belongs_to (scientific_field,project_ID) VALUES ("Math & Computer Science", "6");
INSERT INTO belongs_to (scientific_field,project_ID) VALUES ("Aerodynamics & Hydrodynamics", "2");
INSERT INTO belongs_to (scientific_field,project_ID) VALUES ("Aerodynamics & Hydrodynamics", "10");
INSERT INTO belongs_to (scientific_field,project_ID) VALUES ("Math & Computer Science", "77");
INSERT INTO belongs_to (scientific_field,project_ID) VALUES ("Managment", "69");
INSERT INTO belongs_to (scientific_field,project_ID) VALUES ("Power & Environment", "200");
INSERT INTO belongs_to (scientific_field,project_ID) VALUES ("Computer Engineering", "78");
INSERT INTO belongs_to (scientific_field,project_ID) VALUES ("Power & Environment", "14");
INSERT INTO belongs_to (scientific_field,project_ID) VALUES ("Agricultural Science", "15");
INSERT INTO belongs_to (scientific_field,project_ID) VALUES ("Aerodynamics & Hydrodynamics", "178");
INSERT INTO belongs_to (scientific_field,project_ID) VALUES ("Computer Engineering", "163");
INSERT INTO belongs_to (scientific_field,project_ID) VALUES ("Aerodynamics & Hydrodynamics", "76");
INSERT INTO belongs_to (scientific_field,project_ID) VALUES ("Math & Computer Science", "154");
INSERT INTO belongs_to (scientific_field,project_ID) VALUES ("Math & Computer Science", "3");
INSERT INTO belongs_to (scientific_field,project_ID) VALUES ("Managment", "4");
INSERT INTO belongs_to (scientific_field,project_ID) VALUES ("Managment", "135");
INSERT INTO belongs_to (scientific_field,project_ID) VALUES ("Social Science", "107");
INSERT INTO belongs_to (scientific_field,project_ID) VALUES ("Social Science", "192");
INSERT INTO belongs_to (scientific_field,project_ID) VALUES ("Computer Engineering", "49");
INSERT INTO belongs_to (scientific_field,project_ID) VALUES ("Agricultural Science", "164");
INSERT INTO belongs_to (scientific_field,project_ID) VALUES ("Aerodynamics & Hydrodynamics", "110");
INSERT INTO belongs_to (scientific_field,project_ID) VALUES ("Managment", "85");
INSERT INTO belongs_to (scientific_field,project_ID) VALUES ("Computer Engineering", "100");
INSERT INTO belongs_to (scientific_field,project_ID) VALUES ("Math & Computer Science", "40");
INSERT INTO belongs_to (scientific_field,project_ID) VALUES ("Computer Engineering", "51");
INSERT INTO belongs_to (scientific_field,project_ID) VALUES ("Computer Engineering", "68");
INSERT INTO belongs_to (scientific_field,project_ID) VALUES ("Social Science", "41");
INSERT INTO belongs_to (scientific_field,project_ID) VALUES ("Math & Computer Science", "70");
INSERT INTO belongs_to (scientific_field,project_ID) VALUES ("Computer Engineering", "111");
INSERT INTO belongs_to (scientific_field,project_ID) VALUES ("Managment", "80");
INSERT INTO belongs_to (scientific_field,project_ID) VALUES ("Power & Environment", "19");
INSERT INTO belongs_to (scientific_field,project_ID) VALUES ("Social Science", "21");
INSERT INTO belongs_to (scientific_field,project_ID) VALUES ("Biology & Health", "114");
INSERT INTO belongs_to (scientific_field,project_ID) VALUES ("Managment", "9");
INSERT INTO belongs_to (scientific_field,project_ID) VALUES ("Agricultural Science", "182");
INSERT INTO belongs_to (scientific_field,project_ID) VALUES ("Biology & Health", "113");
INSERT INTO belongs_to (scientific_field,project_ID) VALUES ("Social Science", "200");
INSERT INTO belongs_to (scientific_field,project_ID) VALUES ("Aerodynamics & Hydrodynamics", "186");
INSERT INTO belongs_to (scientific_field,project_ID) VALUES ("Math & Computer Science", "34");
INSERT INTO belongs_to (scientific_field,project_ID) VALUES ("Computer Engineering", "153");
INSERT INTO belongs_to (scientific_field,project_ID) VALUES ("Aerodynamics & Hydrodynamics", "137");
INSERT INTO belongs_to (scientific_field,project_ID) VALUES ("Power & Environment", "193");
INSERT INTO belongs_to (scientific_field,project_ID) VALUES ("Computer Engineering", "149");
INSERT INTO belongs_to (scientific_field,project_ID) VALUES ("Power & Environment", "12");
INSERT INTO belongs_to (scientific_field,project_ID) VALUES ("Power & Environment", "181");
INSERT INTO belongs_to (scientific_field,project_ID) VALUES ("Math & Computer Science", "155");
INSERT INTO belongs_to (scientific_field,project_ID) VALUES ("Physics", "86");
INSERT INTO belongs_to (scientific_field,project_ID) VALUES ("Biology & Health", "1");
INSERT INTO belongs_to (scientific_field,project_ID) VALUES ("Social Science", "10");
INSERT INTO belongs_to (scientific_field,project_ID) VALUES ("Aerodynamics & Hydrodynamics", "47");
INSERT INTO belongs_to (scientific_field,project_ID) VALUES ("Physics", "92");
INSERT INTO belongs_to (scientific_field,project_ID) VALUES ("Computer Engineering", "84");
INSERT INTO belongs_to (scientific_field,project_ID) VALUES ("Aerodynamics & Hydrodynamics", "26");
INSERT INTO belongs_to (scientific_field,project_ID) VALUES ("Computer Engineering", "183");
INSERT INTO belongs_to (scientific_field,project_ID) VALUES ("Physics", "35");
INSERT INTO belongs_to (scientific_field,project_ID) VALUES ("Aerodynamics & Hydrodynamics", "155");
INSERT INTO belongs_to (scientific_field,project_ID) VALUES ("Physics", "136");
INSERT INTO belongs_to (scientific_field,project_ID) VALUES ("Biology & Health", "108");
INSERT INTO belongs_to (scientific_field,project_ID) VALUES ("Power & Environment", "137");
INSERT INTO belongs_to (scientific_field,project_ID) VALUES ("Managment", "186");
INSERT INTO belongs_to (scientific_field,project_ID) VALUES ("Power & Environment", "13");
INSERT INTO belongs_to (scientific_field,project_ID) VALUES ("Computer Engineering", "61");
INSERT INTO belongs_to (scientific_field,project_ID) VALUES ("Math & Computer Science", "10");
INSERT INTO belongs_to (scientific_field,project_ID) VALUES ("Social Science", "29");
INSERT INTO belongs_to (scientific_field,project_ID) VALUES ("Power & Environment", "40");
INSERT INTO belongs_to (scientific_field,project_ID) VALUES ("Social Science", "139");
INSERT INTO belongs_to (scientific_field,project_ID) VALUES ("Power & Environment", "36");
INSERT INTO belongs_to (scientific_field,project_ID) VALUES ("Power & Environment", "125");
INSERT INTO belongs_to (scientific_field,project_ID) VALUES ("Social Science", "72");
INSERT INTO belongs_to (scientific_field,project_ID) VALUES ("Math & Computer Science", "196");
INSERT INTO belongs_to (scientific_field,project_ID) VALUES ("Agricultural Science", "129");
INSERT INTO belongs_to (scientific_field,project_ID) VALUES ("Physics", "22");
INSERT INTO belongs_to (scientific_field,project_ID) VALUES ("Aerodynamics & Hydrodynamics", "83");
INSERT INTO belongs_to (scientific_field,project_ID) VALUES ("Physics", "64");
INSERT INTO belongs_to (scientific_field,project_ID) VALUES ("Computer Engineering", "23");
INSERT INTO belongs_to (scientific_field,project_ID) VALUES ("Power & Environment", "61");
INSERT INTO belongs_to (scientific_field,project_ID) VALUES ("Power & Environment", "31");
INSERT INTO belongs_to (scientific_field,project_ID) VALUES ("Aerodynamics & Hydrodynamics", "7");
INSERT INTO belongs_to (scientific_field,project_ID) VALUES ("Math & Computer Science", "156");
INSERT INTO belongs_to (scientific_field,project_ID) VALUES ("Managment", "163");
INSERT INTO belongs_to (scientific_field,project_ID) VALUES ("Biology & Health", "7");
INSERT INTO belongs_to (scientific_field,project_ID) VALUES ("Power & Environment", "122");
INSERT INTO belongs_to (scientific_field,project_ID) VALUES ("Social Science", "43");






INSERT INTO company (company_ID,capital,org_ID) VALUES (  "1", "1000000", "21");
INSERT INTO company (company_ID,capital,org_ID) VALUES (  "2", "5000000", "22");
INSERT INTO company (company_ID,capital,org_ID) VALUES (  "3", "6000000", "23");
INSERT INTO company (company_ID,capital,org_ID) VALUES (  "4", "2000000", "24");
INSERT INTO company (company_ID,capital,org_ID) VALUES (  "5", "7000000", "25");
INSERT INTO company (company_ID,capital,org_ID) VALUES (  "6", "2000000", "26");
INSERT INTO company (company_ID,capital,org_ID) VALUES (  "7", "10000000", "27");
INSERT INTO company (company_ID,capital,org_ID) VALUES (  "8", "8000000", "28");
INSERT INTO company (company_ID,capital,org_ID) VALUES (  "9", "5000000", "29");
INSERT INTO company (company_ID,capital,org_ID) VALUES (  "10", "3000000", "30");






INSERT INTO evaluate (researcher_ID,project_ID,grade,evaluation_date) VALUES ("66", "1", "A", "2017-12-21");
INSERT INTO evaluate (researcher_ID,project_ID,grade,evaluation_date) VALUES ("50", "2", "A", "2017-12-19");
INSERT INTO evaluate (researcher_ID,project_ID,grade,evaluation_date) VALUES ("75", "3", "A", "2015-10-03");
INSERT INTO evaluate (researcher_ID,project_ID,grade,evaluation_date) VALUES ("89", "4", "B", "2016-04-30");
INSERT INTO evaluate (researcher_ID,project_ID,grade,evaluation_date) VALUES ("71", "5", "B", "2015-06-23");
INSERT INTO evaluate (researcher_ID,project_ID,grade,evaluation_date) VALUES ("13", "6", "B", "2017-06-30");
INSERT INTO evaluate (researcher_ID,project_ID,grade,evaluation_date) VALUES ("48", "7", "B", "2016-01-14");
INSERT INTO evaluate (researcher_ID,project_ID,grade,evaluation_date) VALUES ("37", "8", "C", "2015-01-24");
INSERT INTO evaluate (researcher_ID,project_ID,grade,evaluation_date) VALUES ("25", "9", "A", "2016-04-01");
INSERT INTO evaluate (researcher_ID,project_ID,grade,evaluation_date) VALUES ("47", "10", "C", "2016-07-15");
INSERT INTO evaluate (researcher_ID,project_ID,grade,evaluation_date) VALUES ("79", "11", "B", "2016-08-12");
INSERT INTO evaluate (researcher_ID,project_ID,grade,evaluation_date) VALUES ("16", "12", "A", "2016-11-13");
INSERT INTO evaluate (researcher_ID,project_ID,grade,evaluation_date) VALUES ("24", "13", "B", "2015-12-01");
INSERT INTO evaluate (researcher_ID,project_ID,grade,evaluation_date) VALUES ("38", "14", "A", "2017-09-19");
INSERT INTO evaluate (researcher_ID,project_ID,grade,evaluation_date) VALUES ("56", "15", "B", "2015-06-04");
INSERT INTO evaluate (researcher_ID,project_ID,grade,evaluation_date) VALUES ("52", "16", "B", "2017-07-08");
INSERT INTO evaluate (researcher_ID,project_ID,grade,evaluation_date) VALUES ("34", "17", "A", "2016-01-16");
INSERT INTO evaluate (researcher_ID,project_ID,grade,evaluation_date) VALUES ("11", "18", "B", "2015-05-22");
INSERT INTO evaluate (researcher_ID,project_ID,grade,evaluation_date) VALUES ("25", "19", "C", "2016-03-17");
INSERT INTO evaluate (researcher_ID,project_ID,grade,evaluation_date) VALUES ("46", "20", "C", "2017-02-13");
INSERT INTO evaluate (researcher_ID,project_ID,grade,evaluation_date) VALUES ("94", "21", "B", "2016-04-08");
INSERT INTO evaluate (researcher_ID,project_ID,grade,evaluation_date) VALUES ("13", "22", "C", "2015-10-31");
INSERT INTO evaluate (researcher_ID,project_ID,grade,evaluation_date) VALUES ("46", "23", "C", "2015-05-15");
INSERT INTO evaluate (researcher_ID,project_ID,grade,evaluation_date) VALUES ("42", "24", "C", "2016-07-24");
INSERT INTO evaluate (researcher_ID,project_ID,grade,evaluation_date) VALUES ("88", "25", "B", "2017-12-13");
INSERT INTO evaluate (researcher_ID,project_ID,grade,evaluation_date) VALUES ("17", "26", "A", "2015-01-27");
INSERT INTO evaluate (researcher_ID,project_ID,grade,evaluation_date) VALUES ("46", "27", "B", "2017-11-24");
INSERT INTO evaluate (researcher_ID,project_ID,grade,evaluation_date) VALUES ("74", "28", "C", "2017-04-13");
INSERT INTO evaluate (researcher_ID,project_ID,grade,evaluation_date) VALUES ("61", "29", "C", "2016-01-14");
INSERT INTO evaluate (researcher_ID,project_ID,grade,evaluation_date) VALUES ("94", "30", "B", "2016-08-29");
INSERT INTO evaluate (researcher_ID,project_ID,grade,evaluation_date) VALUES ("31", "31", "C", "2015-07-09");
INSERT INTO evaluate (researcher_ID,project_ID,grade,evaluation_date) VALUES ("79", "32", "A", "2016-02-11");
INSERT INTO evaluate (researcher_ID,project_ID,grade,evaluation_date) VALUES ("58", "33", "C", "2017-12-18");
INSERT INTO evaluate (researcher_ID,project_ID,grade,evaluation_date) VALUES ("36", "34", "B", "2017-11-08");
INSERT INTO evaluate (researcher_ID,project_ID,grade,evaluation_date) VALUES ("10", "35", "A", "2015-01-21");
INSERT INTO evaluate (researcher_ID,project_ID,grade,evaluation_date) VALUES ("34", "36", "A", "2016-01-02");
INSERT INTO evaluate (researcher_ID,project_ID,grade,evaluation_date) VALUES ("38", "37", "C", "2017-06-19");
INSERT INTO evaluate (researcher_ID,project_ID,grade,evaluation_date) VALUES ("23", "38", "C", "2016-11-28");
INSERT INTO evaluate (researcher_ID,project_ID,grade,evaluation_date) VALUES ("71", "39", "C", "2017-12-09");
INSERT INTO evaluate (researcher_ID,project_ID,grade,evaluation_date) VALUES ("87", "40", "A", "2015-12-19");
INSERT INTO evaluate (researcher_ID,project_ID,grade,evaluation_date) VALUES ("10", "41", "A", "2017-08-17");
INSERT INTO evaluate (researcher_ID,project_ID,grade,evaluation_date) VALUES ("97", "42", "A", "2017-11-29");
INSERT INTO evaluate (researcher_ID,project_ID,grade,evaluation_date) VALUES ("59", "43", "C", "2016-10-12");
INSERT INTO evaluate (researcher_ID,project_ID,grade,evaluation_date) VALUES ("96", "44", "A", "2015-08-09");
INSERT INTO evaluate (researcher_ID,project_ID,grade,evaluation_date) VALUES ("17", "45", "B", "2016-08-31");
INSERT INTO evaluate (researcher_ID,project_ID,grade,evaluation_date) VALUES ("76", "46", "C", "2017-02-18");
INSERT INTO evaluate (researcher_ID,project_ID,grade,evaluation_date) VALUES ("92", "47", "A", "2017-11-11");
INSERT INTO evaluate (researcher_ID,project_ID,grade,evaluation_date) VALUES ("39", "48", "B", "2016-07-01");
INSERT INTO evaluate (researcher_ID,project_ID,grade,evaluation_date) VALUES ("63", "49", "B", "2017-03-20");
INSERT INTO evaluate (researcher_ID,project_ID,grade,evaluation_date) VALUES ("94", "50", "C", "2016-09-26");
INSERT INTO evaluate (researcher_ID,project_ID,grade,evaluation_date) VALUES ("33", "51", "C", "2016-05-20");
INSERT INTO evaluate (researcher_ID,project_ID,grade,evaluation_date) VALUES ("98", "52", "A", "2017-07-30");
INSERT INTO evaluate (researcher_ID,project_ID,grade,evaluation_date) VALUES ("32", "53", "C", "2017-10-08");
INSERT INTO evaluate (researcher_ID,project_ID,grade,evaluation_date) VALUES ("29", "54", "C", "2015-01-16");
INSERT INTO evaluate (researcher_ID,project_ID,grade,evaluation_date) VALUES ("40", "55", "B", "2016-06-23");
INSERT INTO evaluate (researcher_ID,project_ID,grade,evaluation_date) VALUES ("38", "56", "B", "2015-11-27");
INSERT INTO evaluate (researcher_ID,project_ID,grade,evaluation_date) VALUES ("65", "57", "B", "2015-11-30");
INSERT INTO evaluate (researcher_ID,project_ID,grade,evaluation_date) VALUES ("96", "58", "C", "2015-03-04");
INSERT INTO evaluate (researcher_ID,project_ID,grade,evaluation_date) VALUES ("21", "59", "C", "2016-07-22");
INSERT INTO evaluate (researcher_ID,project_ID,grade,evaluation_date) VALUES ("89", "60", "B", "2015-11-24");
INSERT INTO evaluate (researcher_ID,project_ID,grade,evaluation_date) VALUES ("10", "61", "A", "2015-08-29");
INSERT INTO evaluate (researcher_ID,project_ID,grade,evaluation_date) VALUES ("3", "62", "B", "2016-02-29");
INSERT INTO evaluate (researcher_ID,project_ID,grade,evaluation_date) VALUES ("53", "63", "C", "2016-09-18");
INSERT INTO evaluate (researcher_ID,project_ID,grade,evaluation_date) VALUES ("8", "64", "A", "2017-12-21");
INSERT INTO evaluate (researcher_ID,project_ID,grade,evaluation_date) VALUES ("10", "65", "B", "2015-07-31");
INSERT INTO evaluate (researcher_ID,project_ID,grade,evaluation_date) VALUES ("100", "66", "C", "2017-04-12");
INSERT INTO evaluate (researcher_ID,project_ID,grade,evaluation_date) VALUES ("97", "67", "C", "2017-11-23");
INSERT INTO evaluate (researcher_ID,project_ID,grade,evaluation_date) VALUES ("84", "68", "A", "2016-03-09");
INSERT INTO evaluate (researcher_ID,project_ID,grade,evaluation_date) VALUES ("61", "69", "C", "2016-09-08");
INSERT INTO evaluate (researcher_ID,project_ID,grade,evaluation_date) VALUES ("98", "70", "B", "2017-02-04");
INSERT INTO evaluate (researcher_ID,project_ID,grade,evaluation_date) VALUES ("100", "71", "B", "2017-08-31");
INSERT INTO evaluate (researcher_ID,project_ID,grade,evaluation_date) VALUES ("85", "72", "A", "2016-08-13");
INSERT INTO evaluate (researcher_ID,project_ID,grade,evaluation_date) VALUES ("93", "73", "B", "2017-09-13");
INSERT INTO evaluate (researcher_ID,project_ID,grade,evaluation_date) VALUES ("11", "74", "B", "2015-05-02");
INSERT INTO evaluate (researcher_ID,project_ID,grade,evaluation_date) VALUES ("34", "75", "A", "2016-07-27");
INSERT INTO evaluate (researcher_ID,project_ID,grade,evaluation_date) VALUES ("90", "76", "B", "2015-06-22");
INSERT INTO evaluate (researcher_ID,project_ID,grade,evaluation_date) VALUES ("56", "77", "A", "2015-07-02");
INSERT INTO evaluate (researcher_ID,project_ID,grade,evaluation_date) VALUES ("1", "78", "B", "2015-01-15");
INSERT INTO evaluate (researcher_ID,project_ID,grade,evaluation_date) VALUES ("35", "79", "A", "2015-08-22");
INSERT INTO evaluate (researcher_ID,project_ID,grade,evaluation_date) VALUES ("25", "80", "B", "2016-05-16");
INSERT INTO evaluate (researcher_ID,project_ID,grade,evaluation_date) VALUES ("36", "81", "C", "2017-10-06");
INSERT INTO evaluate (researcher_ID,project_ID,grade,evaluation_date) VALUES ("39", "82", "B", "2015-06-13");
INSERT INTO evaluate (researcher_ID,project_ID,grade,evaluation_date) VALUES ("87", "83", "B", "2017-07-28");
INSERT INTO evaluate (researcher_ID,project_ID,grade,evaluation_date) VALUES ("51", "84", "C", "2015-12-06");
INSERT INTO evaluate (researcher_ID,project_ID,grade,evaluation_date) VALUES ("65", "85", "C", "2017-05-30");
INSERT INTO evaluate (researcher_ID,project_ID,grade,evaluation_date) VALUES ("64", "86", "C", "2015-03-28");
INSERT INTO evaluate (researcher_ID,project_ID,grade,evaluation_date) VALUES ("94", "87", "B", "2017-02-13");
INSERT INTO evaluate (researcher_ID,project_ID,grade,evaluation_date) VALUES ("70", "88", "A", "2015-01-29");
INSERT INTO evaluate (researcher_ID,project_ID,grade,evaluation_date) VALUES ("88", "89", "B", "2016-04-15");
INSERT INTO evaluate (researcher_ID,project_ID,grade,evaluation_date) VALUES ("16", "90", "B", "2015-03-23");
INSERT INTO evaluate (researcher_ID,project_ID,grade,evaluation_date) VALUES ("53", "91", "A", "2016-03-20");
INSERT INTO evaluate (researcher_ID,project_ID,grade,evaluation_date) VALUES ("50", "92", "C", "2015-04-04");
INSERT INTO evaluate (researcher_ID,project_ID,grade,evaluation_date) VALUES ("34", "93", "A", "2016-11-07");
INSERT INTO evaluate (researcher_ID,project_ID,grade,evaluation_date) VALUES ("18", "94", "A", "2016-09-14");
INSERT INTO evaluate (researcher_ID,project_ID,grade,evaluation_date) VALUES ("64", "95", "C", "2017-11-06");
INSERT INTO evaluate (researcher_ID,project_ID,grade,evaluation_date) VALUES ("29", "96", "B", "2015-09-19");
INSERT INTO evaluate (researcher_ID,project_ID,grade,evaluation_date) VALUES ("23", "97", "A", "2017-12-08");
INSERT INTO evaluate (researcher_ID,project_ID,grade,evaluation_date) VALUES ("79", "98", "C", "2017-05-03");
INSERT INTO evaluate (researcher_ID,project_ID,grade,evaluation_date) VALUES ("59", "99", "B", "2015-10-04");
INSERT INTO evaluate (researcher_ID,project_ID,grade,evaluation_date) VALUES ("34", "100", "B", "2017-09-13");
INSERT INTO evaluate (researcher_ID,project_ID,grade,evaluation_date) VALUES ("29", "101", "C", "2015-01-09");
INSERT INTO evaluate (researcher_ID,project_ID,grade,evaluation_date) VALUES ("11", "102", "A", "2016-08-11");
INSERT INTO evaluate (researcher_ID,project_ID,grade,evaluation_date) VALUES ("25", "103", "C", "2015-06-06");
INSERT INTO evaluate (researcher_ID,project_ID,grade,evaluation_date) VALUES ("61", "104", "A", "2017-07-13");
INSERT INTO evaluate (researcher_ID,project_ID,grade,evaluation_date) VALUES ("22", "105", "A", "2016-04-26");
INSERT INTO evaluate (researcher_ID,project_ID,grade,evaluation_date) VALUES ("74", "106", "A", "2016-02-05");
INSERT INTO evaluate (researcher_ID,project_ID,grade,evaluation_date) VALUES ("12", "107", "C", "2017-02-10");
INSERT INTO evaluate (researcher_ID,project_ID,grade,evaluation_date) VALUES ("38", "108", "A", "2017-02-17");
INSERT INTO evaluate (researcher_ID,project_ID,grade,evaluation_date) VALUES ("92", "109", "C", "2016-07-19");
INSERT INTO evaluate (researcher_ID,project_ID,grade,evaluation_date) VALUES ("78", "110", "B", "2016-10-02");
INSERT INTO evaluate (researcher_ID,project_ID,grade,evaluation_date) VALUES ("20", "111", "C", "2015-04-09");
INSERT INTO evaluate (researcher_ID,project_ID,grade,evaluation_date) VALUES ("50", "112", "B", "2016-01-09");
INSERT INTO evaluate (researcher_ID,project_ID,grade,evaluation_date) VALUES ("7", "113", "B", "2017-03-27");
INSERT INTO evaluate (researcher_ID,project_ID,grade,evaluation_date) VALUES ("93", "114", "C", "2016-09-03");
INSERT INTO evaluate (researcher_ID,project_ID,grade,evaluation_date) VALUES ("20", "115", "B", "2015-09-11");
INSERT INTO evaluate (researcher_ID,project_ID,grade,evaluation_date) VALUES ("91", "116", "B", "2017-10-05");
INSERT INTO evaluate (researcher_ID,project_ID,grade,evaluation_date) VALUES ("97", "117", "B", "2016-02-22");
INSERT INTO evaluate (researcher_ID,project_ID,grade,evaluation_date) VALUES ("49", "118", "A", "2016-01-17");
INSERT INTO evaluate (researcher_ID,project_ID,grade,evaluation_date) VALUES ("15", "119", "B", "2016-09-09");
INSERT INTO evaluate (researcher_ID,project_ID,grade,evaluation_date) VALUES ("67", "120", "A", "2016-09-05");
INSERT INTO evaluate (researcher_ID,project_ID,grade,evaluation_date) VALUES ("53", "121", "B", "2017-03-11");
INSERT INTO evaluate (researcher_ID,project_ID,grade,evaluation_date) VALUES ("68", "122", "A", "2017-11-03");
INSERT INTO evaluate (researcher_ID,project_ID,grade,evaluation_date) VALUES ("66", "123", "C", "2017-03-24");
INSERT INTO evaluate (researcher_ID,project_ID,grade,evaluation_date) VALUES ("34", "124", "A", "2017-04-18");
INSERT INTO evaluate (researcher_ID,project_ID,grade,evaluation_date) VALUES ("83", "125", "C", "2017-12-08");
INSERT INTO evaluate (researcher_ID,project_ID,grade,evaluation_date) VALUES ("70", "126", "C", "2017-11-21");
INSERT INTO evaluate (researcher_ID,project_ID,grade,evaluation_date) VALUES ("76", "127", "A", "2017-08-20");
INSERT INTO evaluate (researcher_ID,project_ID,grade,evaluation_date) VALUES ("76", "128", "B", "2015-04-13");
INSERT INTO evaluate (researcher_ID,project_ID,grade,evaluation_date) VALUES ("9", "129", "A", "2016-09-04");
INSERT INTO evaluate (researcher_ID,project_ID,grade,evaluation_date) VALUES ("65", "130", "C", "2017-12-08");
INSERT INTO evaluate (researcher_ID,project_ID,grade,evaluation_date) VALUES ("7", "131", "B", "2015-06-13");
INSERT INTO evaluate (researcher_ID,project_ID,grade,evaluation_date) VALUES ("1", "132", "B", "2017-02-05");
INSERT INTO evaluate (researcher_ID,project_ID,grade,evaluation_date) VALUES ("54", "133", "A", "2017-03-14");
INSERT INTO evaluate (researcher_ID,project_ID,grade,evaluation_date) VALUES ("31", "134", "B", "2017-08-24");
INSERT INTO evaluate (researcher_ID,project_ID,grade,evaluation_date) VALUES ("10", "135", "A", "2015-05-10");
INSERT INTO evaluate (researcher_ID,project_ID,grade,evaluation_date) VALUES ("63", "136", "B", "2016-07-07");
INSERT INTO evaluate (researcher_ID,project_ID,grade,evaluation_date) VALUES ("77", "137", "C", "2017-01-07");
INSERT INTO evaluate (researcher_ID,project_ID,grade,evaluation_date) VALUES ("88", "138", "C", "2016-02-11");
INSERT INTO evaluate (researcher_ID,project_ID,grade,evaluation_date) VALUES ("22", "139", "B", "2016-10-13");
INSERT INTO evaluate (researcher_ID,project_ID,grade,evaluation_date) VALUES ("17", "140", "C", "2017-11-13");
INSERT INTO evaluate (researcher_ID,project_ID,grade,evaluation_date) VALUES ("33", "141", "A", "2016-09-22");
INSERT INTO evaluate (researcher_ID,project_ID,grade,evaluation_date) VALUES ("57", "142", "C", "2016-06-14");
INSERT INTO evaluate (researcher_ID,project_ID,grade,evaluation_date) VALUES ("90", "143", "B", "2017-06-27");
INSERT INTO evaluate (researcher_ID,project_ID,grade,evaluation_date) VALUES ("99", "144", "A", "2015-05-26");
INSERT INTO evaluate (researcher_ID,project_ID,grade,evaluation_date) VALUES ("29", "145", "C", "2017-08-16");
INSERT INTO evaluate (researcher_ID,project_ID,grade,evaluation_date) VALUES ("29", "146", "C", "2015-02-23");
INSERT INTO evaluate (researcher_ID,project_ID,grade,evaluation_date) VALUES ("86", "147", "C", "2017-03-31");
INSERT INTO evaluate (researcher_ID,project_ID,grade,evaluation_date) VALUES ("72", "148", "B", "2016-12-28");
INSERT INTO evaluate (researcher_ID,project_ID,grade,evaluation_date) VALUES ("69", "149", "C", "2015-03-15");
INSERT INTO evaluate (researcher_ID,project_ID,grade,evaluation_date) VALUES ("77", "150", "B", "2017-02-25");
INSERT INTO evaluate (researcher_ID,project_ID,grade,evaluation_date) VALUES ("52", "151", "C", "2015-12-09");
INSERT INTO evaluate (researcher_ID,project_ID,grade,evaluation_date) VALUES ("49", "152", "B", "2016-07-07");
INSERT INTO evaluate (researcher_ID,project_ID,grade,evaluation_date) VALUES ("31", "153", "A", "2015-08-19");
INSERT INTO evaluate (researcher_ID,project_ID,grade,evaluation_date) VALUES ("58", "154", "A", "2017-01-17");
INSERT INTO evaluate (researcher_ID,project_ID,grade,evaluation_date) VALUES ("72", "155", "A", "2016-05-08");
INSERT INTO evaluate (researcher_ID,project_ID,grade,evaluation_date) VALUES ("65", "156", "B", "2015-11-15");
INSERT INTO evaluate (researcher_ID,project_ID,grade,evaluation_date) VALUES ("13", "157", "B", "2017-06-03");
INSERT INTO evaluate (researcher_ID,project_ID,grade,evaluation_date) VALUES ("77", "158", "C", "2015-02-24");
INSERT INTO evaluate (researcher_ID,project_ID,grade,evaluation_date) VALUES ("56", "159", "B", "2016-12-06");
INSERT INTO evaluate (researcher_ID,project_ID,grade,evaluation_date) VALUES ("89", "160", "C", "2016-09-10");
INSERT INTO evaluate (researcher_ID,project_ID,grade,evaluation_date) VALUES ("73", "161", "A", "2017-09-06");
INSERT INTO evaluate (researcher_ID,project_ID,grade,evaluation_date) VALUES ("62", "162", "A", "2016-11-04");
INSERT INTO evaluate (researcher_ID,project_ID,grade,evaluation_date) VALUES ("34", "163", "B", "2015-10-16");
INSERT INTO evaluate (researcher_ID,project_ID,grade,evaluation_date) VALUES ("96", "164", "A", "2015-11-26");
INSERT INTO evaluate (researcher_ID,project_ID,grade,evaluation_date) VALUES ("66", "165", "A", "2015-06-11");
INSERT INTO evaluate (researcher_ID,project_ID,grade,evaluation_date) VALUES ("61", "166", "A", "2016-02-18");
INSERT INTO evaluate (researcher_ID,project_ID,grade,evaluation_date) VALUES ("42", "167", "B", "2017-07-18");
INSERT INTO evaluate (researcher_ID,project_ID,grade,evaluation_date) VALUES ("18", "168", "B", "2017-01-22");
INSERT INTO evaluate (researcher_ID,project_ID,grade,evaluation_date) VALUES ("39", "169", "C", "2016-11-11");
INSERT INTO evaluate (researcher_ID,project_ID,grade,evaluation_date) VALUES ("85", "170", "C", "2015-09-15");
INSERT INTO evaluate (researcher_ID,project_ID,grade,evaluation_date) VALUES ("77", "171", "A", "2015-11-04");
INSERT INTO evaluate (researcher_ID,project_ID,grade,evaluation_date) VALUES ("94", "172", "A", "2015-02-15");
INSERT INTO evaluate (researcher_ID,project_ID,grade,evaluation_date) VALUES ("6", "173", "B", "2015-04-22");
INSERT INTO evaluate (researcher_ID,project_ID,grade,evaluation_date) VALUES ("80", "174", "C", "2016-06-21");
INSERT INTO evaluate (researcher_ID,project_ID,grade,evaluation_date) VALUES ("38", "175", "B", "2015-06-05");
INSERT INTO evaluate (researcher_ID,project_ID,grade,evaluation_date) VALUES ("98", "176", "A", "2015-10-06");
INSERT INTO evaluate (researcher_ID,project_ID,grade,evaluation_date) VALUES ("86", "177", "C", "2017-10-22");
INSERT INTO evaluate (researcher_ID,project_ID,grade,evaluation_date) VALUES ("89", "178", "B", "2015-06-26");
INSERT INTO evaluate (researcher_ID,project_ID,grade,evaluation_date) VALUES ("37", "179", "A", "2015-12-21");
INSERT INTO evaluate (researcher_ID,project_ID,grade,evaluation_date) VALUES ("28", "180", "A", "2016-12-20");
INSERT INTO evaluate (researcher_ID,project_ID,grade,evaluation_date) VALUES ("4", "181", "C", "2015-11-17");
INSERT INTO evaluate (researcher_ID,project_ID,grade,evaluation_date) VALUES ("9", "182", "B", "2015-10-22");
INSERT INTO evaluate (researcher_ID,project_ID,grade,evaluation_date) VALUES ("87", "183", "C", "2017-05-15");
INSERT INTO evaluate (researcher_ID,project_ID,grade,evaluation_date) VALUES ("67", "184", "A", "2017-12-21");
INSERT INTO evaluate (researcher_ID,project_ID,grade,evaluation_date) VALUES ("57", "185", "B", "2016-11-24");
INSERT INTO evaluate (researcher_ID,project_ID,grade,evaluation_date) VALUES ("36", "186", "C", "2015-10-11");
INSERT INTO evaluate (researcher_ID,project_ID,grade,evaluation_date) VALUES ("31", "187", "B", "2016-08-05");
INSERT INTO evaluate (researcher_ID,project_ID,grade,evaluation_date) VALUES ("85", "188", "B", "2017-05-30");
INSERT INTO evaluate (researcher_ID,project_ID,grade,evaluation_date) VALUES ("29", "189", "B", "2016-12-24");
INSERT INTO evaluate (researcher_ID,project_ID,grade,evaluation_date) VALUES ("59", "190", "B", "2015-01-22");
INSERT INTO evaluate (researcher_ID,project_ID,grade,evaluation_date) VALUES ("64", "191", "C", "2017-11-03");
INSERT INTO evaluate (researcher_ID,project_ID,grade,evaluation_date) VALUES ("58", "192", "B", "2017-04-02");
INSERT INTO evaluate (researcher_ID,project_ID,grade,evaluation_date) VALUES ("5", "193", "B", "2017-06-22");
INSERT INTO evaluate (researcher_ID,project_ID,grade,evaluation_date) VALUES ("24", "194", "A", "2015-02-23");
INSERT INTO evaluate (researcher_ID,project_ID,grade,evaluation_date) VALUES ("35", "195", "C", "2015-03-26");
INSERT INTO evaluate (researcher_ID,project_ID,grade,evaluation_date) VALUES ("96", "196", "C", "2015-08-24");
INSERT INTO evaluate (researcher_ID,project_ID,grade,evaluation_date) VALUES ("11", "197", "A", "2015-12-17");
INSERT INTO evaluate (researcher_ID,project_ID,grade,evaluation_date) VALUES ("77", "198", "C", "2015-08-26");
INSERT INTO evaluate (researcher_ID,project_ID,grade,evaluation_date) VALUES ("93", "199", "A", "2015-11-11");
INSERT INTO evaluate (researcher_ID,project_ID,grade,evaluation_date) VALUES ("18", "200", "C", "2015-07-27");







INSERT INTO final_product (product_ID,product_title,project_ID,product_summary,product_due_date) VALUES ("1", "Investigations of Deep-Level Fe-centres in Si by Mossbauer Spectroscopy", "1", "Investigations of Deep-Level Fe-centres in Si by Mossbauer Spectroscopy", "2022-03-12");
INSERT INTO final_product (product_ID,product_title,project_ID,product_summary,product_due_date) VALUES ("2", "Investigating mechanisms that prevent chromatin bridges from breaking in cytokinesis", "2", "Investigating mechanisms that prevent chromatin bridges from breaking in cytokinesis", "2022-01-30");
INSERT INTO final_product (product_ID,product_title,project_ID,product_summary,product_due_date) VALUES ("3", "Diversity, phylogeny and chemical characterization of Tuber species from Greece / Establishment of fungal inocula to foster truffle cultivation on native plants", "3", "Diversity, phylogeny and chemical characterization of Tuber species from Greece / Establishment of fungal inocula to foster truffle cultivation on native plants", "2022-02-03");
INSERT INTO final_product (product_ID,product_title,project_ID,product_summary,product_due_date) VALUES ("4", "Diversity, phylogeny and chemical characterization of Tuber species from Greece / Establishment of fungal inocula to foster truffle cultivation on native plants", "4", "Diversity, phylogeny and chemical characterization of Tuber species from Greece / Establishment of fungal inocula to foster truffle cultivation on native plants", "2021-09-09");
INSERT INTO final_product (product_ID,product_title,project_ID,product_summary,product_due_date) VALUES ("5", "Diffusive, Structural, Optical, and Electrical Properties of Defects in Semiconductors", "5", "Diffusive, Structural, Optical, and Electrical Properties of Defects in Semiconductors", "2022-04-14");
INSERT INTO final_product (product_ID,product_title,project_ID,product_summary,product_due_date) VALUES ("6", "The Structure of the Heavy Calcium Isotpes and the Effective Interaction in the sd-fp Shell", "6", "The Structure of the Heavy Calcium Isotpes and the Effective Interaction in the sd-fp Shell", "2022-01-25");
INSERT INTO final_product (product_ID,product_title,project_ID,product_summary,product_due_date) VALUES ("7", "Measurement of Gas and Volatile Elements Production Cross Section in a Molten Lead-Bismuth Target", "7", "Measurement of Gas and Volatile Elements Production Cross Section in a Molten Lead-Bismuth Target", "2021-10-14");
INSERT INTO final_product (product_ID,product_title,project_ID,product_summary,product_due_date) VALUES ("8", "Artificial intelligence and computer science in education: From kindergarten to university", "8", "Artificial intelligence and computer science in education: From kindergarten to university", "2021-09-18");
INSERT INTO final_product (product_ID,product_title,project_ID,product_summary,product_due_date) VALUES ("9", "Laser Spectroscopy of Neutron Rich Bismuth Isotopes", "9", "Laser Spectroscopy of Neutron Rich Bismuth Isotopes", "2022-05-10");
INSERT INTO final_product (product_ID,product_title,project_ID,product_summary,product_due_date) VALUES ("10", "Space Launch System", "10", "Space Launch System", "2021-07-25");
INSERT INTO final_product (product_ID,product_title,project_ID,product_summary,product_due_date) VALUES ("11", "Ground-state properties of K-isotopes from laser and beta-NMR spectroscopy", "11", "Ground-state properties of K-isotopes from laser and beta-NMR spectroscopy", "2021-06-05");
INSERT INTO final_product (product_ID,product_title,project_ID,product_summary,product_due_date) VALUES ("12", "Identification of novel, differentially edited RNA molecules involved in neurodegenerative disorders pathogenesis", "12", "Identification of novel, differentially edited RNA molecules involved in neurodegenerative disorders pathogenesis", "2022-04-02");
INSERT INTO final_product (product_ID,product_title,project_ID,product_summary,product_due_date) VALUES ("13", "Interactions of 16O Projectile and its Fragments in Nuclear Emulsion at about 60 and 200 GeV/nucleon", "13", "Interactions of 16O Projectile and its Fragments in Nuclear Emulsion at about 60 and 200 GeV/nucleon", "2021-07-22");
INSERT INTO final_product (product_ID,product_title,project_ID,product_summary,product_due_date) VALUES ("14", "Precision measurement of the magnetic moment of the \Delta0", "14", "Precision measurement of the magnetic moment of the \Delta0", "2021-12-15");
INSERT INTO final_product (product_ID,product_title,project_ID,product_summary,product_due_date) VALUES ("15", "Studies of electric dipole moments in the octupole collective regions of heavy Radiums and Bariums", "15", "Studies of electric dipole moments in the octupole collective regions of heavy Radiums and Bariums", "2022-03-29");
INSERT INTO final_product (product_ID,product_title,project_ID,product_summary,product_due_date) VALUES ("16", "Measurement of Gas and Volatile Elements Production Cross Section in a Molten Lead-Bismuth Target", "16", "Measurement of Gas and Volatile Elements Production Cross Section in a Molten Lead-Bismuth Target", "2021-12-13");
INSERT INTO final_product (product_ID,product_title,project_ID,product_summary,product_due_date) VALUES ("17", "Magnetized galaxies through cosmic time: Simulating the galactic magnetic field across scales and epochs", "17", "Magnetized galaxies through cosmic time: Simulating the galactic magnetic field across scales and epochs", "2021-12-01");
INSERT INTO final_product (product_ID,product_title,project_ID,product_summary,product_due_date) VALUES ("18", "Antihydrogen Experiment Gravity Interferometry Spectroscopy", "18", "Antihydrogen Experiment Gravity Interferometry Spectroscopy", "2021-09-14");
INSERT INTO final_product (product_ID,product_title,project_ID,product_summary,product_due_date) VALUES ("19", "Modified carbon nanostructures and related 2D nanomaterials with small organic and coordination molecules as sustainable electrocatalysts", "19", "Modified carbon nanostructures and related 2D nanomaterials with small organic and coordination molecules as sustainable electrocatalysts", "2022-04-18");
INSERT INTO final_product (product_ID,product_title,project_ID,product_summary,product_due_date) VALUES ("20", "Measurements of octupole collectivity in 220,222Rn and 222,224Ra using Coulomb excitation", "20", "Measurements of octupole collectivity in 220,222Rn and 222,224Ra using Coulomb excitation", "2021-12-09");
INSERT INTO final_product (product_ID,product_title,project_ID,product_summary,product_due_date) VALUES ("21", "Thermosphere Ionosphere Mesosphere Energetics and Dynamics", "21", "Thermosphere Ionosphere Mesosphere Energetics and Dynamics", "2021-06-05");
INSERT INTO final_product (product_ID,product_title,project_ID,product_summary,product_due_date) VALUES ("22", "Fluid-Induced Seismicity mechanisms: Stochastic modelling, seismic anisotropy and beyond", "22", "Fluid-Induced Seismicity mechanisms: Stochastic modelling, seismic anisotropy and beyond", "2021-11-07");
INSERT INTO final_product (product_ID,product_title,project_ID,product_summary,product_due_date) VALUES ("23", "Metagenomic and Immunogenetic analysis in Multiple Sclerosis", "23", "Metagenomic and Immunogenetic analysis in Multiple Sclerosis", "2021-10-31");
INSERT INTO final_product (product_ID,product_title,project_ID,product_summary,product_due_date) VALUES ("24", "Studies of Colossal Magnetoresistive Oxides with Radioactive Isotopes", "24", "Studies of Colossal Magnetoresistive Oxides with Radioactive Isotopes", "2022-04-13");
INSERT INTO final_product (product_ID,product_title,project_ID,product_summary,product_due_date) VALUES ("25", "Exploration Ground Systems", "25", "Exploration Ground Systems", "2021-11-17");
INSERT INTO final_product (product_ID,product_title,project_ID,product_summary,product_due_date) VALUES ("26", "Studies of Colossal Magnetoresistive Oxides with Radioactive Isotopes", "26", "Studies of Colossal Magnetoresistive Oxides with Radioactive Isotopes", "2022-03-11");
INSERT INTO final_product (product_ID,product_title,project_ID,product_summary,product_due_date) VALUES ("27", "Studies of Colossal Magnetoresistive Oxides with Radioactive Isotopes", "27", "Studies of Colossal Magnetoresistive Oxides with Radioactive Isotopes", "2022-04-16");
INSERT INTO final_product (product_ID,product_title,project_ID,product_summary,product_due_date) VALUES ("28", "Space Stochastic Gravitational Wave Hunt Employing LISA", "28", "Space Stochastic Gravitational Wave Hunt Employing LISA", "2021-11-24");
INSERT INTO final_product (product_ID,product_title,project_ID,product_summary,product_due_date) VALUES ("29", "Coulomb excitation of neutron-rich28,29,30Na nuclei with MINIBALL at REX-ISOLDE: Mapping the borders of the island of inversion", "29", "Coulomb excitation of neutron-rich28,29,30Na nuclei with MINIBALL at REX-ISOLDE: Mapping the borders of the island of inversion", "2022-01-19");
INSERT INTO final_product (product_ID,product_title,project_ID,product_summary,product_due_date) VALUES ("30", "Self-Diffusion of Carbon and Nitrogen in the Amorphous Ceramics Si26C36N36 and Related Materials", "30", "Self-Diffusion of Carbon and Nitrogen in the Amorphous Ceramics Si26C36N36 and Related Materials", "2021-05-31");
INSERT INTO final_product (product_ID,product_title,project_ID,product_summary,product_due_date) VALUES ("31", "Artificial Macrocycles: (R)evolution of Drug Discovery", "31", "Artificial Macrocycles: (R)evolution of Drug Discovery", "2021-11-22");
INSERT INTO final_product (product_ID,product_title,project_ID,product_summary,product_due_date) VALUES ("32", "Dissecting the Regulatory T cell metabolic aberrancies in autoimmunity to empower their function", "32", "Dissecting the Regulatory T cell metabolic aberrancies in autoimmunity to empower their function", "2021-11-24");
INSERT INTO final_product (product_ID,product_title,project_ID,product_summary,product_due_date) VALUES ("33", "Mapping the boundaries of the seniority regime and collective motion: Coulomb excitation studies of N=122 isotones 206Po and 208Rn", "33", "Mapping the boundaries of the seniority regime and collective motion: Coulomb excitation studies of N=122 isotones 206Po and 208Rn", "2021-09-12");
INSERT INTO final_product (product_ID,product_title,project_ID,product_summary,product_due_date) VALUES ("34", "Mn and Fe Impurities in Si 1-x Ge x alloys", "34", "Mn and Fe Impurities in Si 1-x Ge x alloys", "2021-07-27");
INSERT INTO final_product (product_ID,product_title,project_ID,product_summary,product_due_date) VALUES ("35", "High Accuracy mass Measurement of the very Short-Lived Halo Nuclide 11Li", "35", "High Accuracy mass Measurement of the very Short-Lived Halo Nuclide 11Li", "2022-04-29");
INSERT INTO final_product (product_ID,product_title,project_ID,product_summary,product_due_date) VALUES ("36", "Towards greater nitrogen use efficiency in agroecosystems", "36", "Towards greater nitrogen use efficiency in agroecosystems", "2021-06-28");
INSERT INTO final_product (product_ID,product_title,project_ID,product_summary,product_due_date) VALUES ("37", "Thermosphere Ionosphere Mesosphere Energetics and Dynamics", "37", "Thermosphere Ionosphere Mesosphere Energetics and Dynamics", "2022-03-21");
INSERT INTO final_product (product_ID,product_title,project_ID,product_summary,product_due_date) VALUES ("38", "Deciphering gene expression by long noncoding RNAs in yeast and mammalian stem cells: mechanisms of Cell Fate Determination", "38", "Deciphering gene expression by long noncoding RNAs in yeast and mammalian stem cells: mechanisms of Cell Fate Determination", "2021-08-01");
INSERT INTO final_product (product_ID,product_title,project_ID,product_summary,product_due_date) VALUES ("39", "Study of the engineering and physicochemical parameters involved in the development of novel, instant kefir based products", "39", "Study of the engineering and physicochemical parameters involved in the development of novel, instant kefir based products", "2022-04-17");
INSERT INTO final_product (product_ID,product_title,project_ID,product_summary,product_due_date) VALUES ("40", "Coulomb excitation of neutron-rich28,29,30Na nuclei with MINIBALL at REX-ISOLDE: Mapping the borders of the island of inversion", "40", "Coulomb excitation of neutron-rich28,29,30Na nuclei with MINIBALL at REX-ISOLDE: Mapping the borders of the island of inversion", "2022-01-06");
INSERT INTO final_product (product_ID,product_title,project_ID,product_summary,product_due_date) VALUES ("41", "Ground-state properties of K-isotopes from laser and beta-NMR spectroscopy", "41", "Ground-state properties of K-isotopes from laser and beta-NMR spectroscopy", "2021-06-02");
INSERT INTO final_product (product_ID,product_title,project_ID,product_summary,product_due_date) VALUES ("42", "Diversity, phylogeny and chemical characterization of Tuber species from Greece / Establishment of fungal inocula to foster truffle cultivation on native plants", "42", "Diversity, phylogeny and chemical characterization of Tuber species from Greece / Establishment of fungal inocula to foster truffle cultivation on native plants", "2022-03-22");
INSERT INTO final_product (product_ID,product_title,project_ID,product_summary,product_due_date) VALUES ("43", "Charge Breeding of Radioactive Ions in an Electron Cyclotron Resonance Ion Source(ECRIS) at ISOLDE", "43", "Charge Breeding of Radioactive Ions in an Electron Cyclotron Resonance Ion Source(ECRIS) at ISOLDE", "2021-12-03");
INSERT INTO final_product (product_ID,product_title,project_ID,product_summary,product_due_date) VALUES ("44", "Histone-fold domain proteins with divergent functions of Plasmodium as target for drug development and transmission blocking strategies", "44", "Histone-fold domain proteins with divergent functions of Plasmodium as target for drug development and transmission blocking strategies", "2022-03-25");
INSERT INTO final_product (product_ID,product_title,project_ID,product_summary,product_due_date) VALUES ("45", "MISTRAL: Mass measurements at ISolde with a Transmission RAdiofrequency spectrometer on-Line", "45", "MISTRAL: Mass measurements at ISolde with a Transmission RAdiofrequency spectrometer on-Line", "2022-05-16");
INSERT INTO final_product (product_ID,product_title,project_ID,product_summary,product_due_date) VALUES ("46", "Precision measurement of the magnetic moment of the \Delta0", "46", "Precision measurement of the magnetic moment of the \Delta0", "2021-09-23");
INSERT INTO final_product (product_ID,product_title,project_ID,product_summary,product_due_date) VALUES ("47", "Fluid-Induced Seismicity mechanisms: Stochastic modelling, seismic anisotropy and beyond", "47", "Fluid-Induced Seismicity mechanisms: Stochastic modelling, seismic anisotropy and beyond", "2022-04-21");
INSERT INTO final_product (product_ID,product_title,project_ID,product_summary,product_due_date) VALUES ("48", "Measurement of Moments and Radii of Light Nuclei by Collinear Fast-Beam Laser Spectroscopy and Beta-NMR Spectroscopy", "48", "Measurement of Moments and Radii of Light Nuclei by Collinear Fast-Beam Laser Spectroscopy and Beta-NMR Spectroscopy", "2021-10-26");
INSERT INTO final_product (product_ID,product_title,project_ID,product_summary,product_due_date) VALUES ("49", "Study of the engineering and physicochemical parameters involved in the development of novel, instant kefir based products", "49", "Study of the engineering and physicochemical parameters involved in the development of novel, instant kefir based products", "2021-07-12");
INSERT INTO final_product (product_ID,product_title,project_ID,product_summary,product_due_date) VALUES ("50", "Doping Properties of Ferromagnetic Semiconductors Investigated by the Hyperfine Interaction of Implanted Radioisotopes", "50", "Doping Properties of Ferromagnetic Semiconductors Investigated by the Hyperfine Interaction of Implanted Radioisotopes", "2021-08-29");
INSERT INTO final_product (product_ID,product_title,project_ID,product_summary,product_due_date) VALUES ("51", "Study of the engineering and physicochemical parameters involved in the development of novel, instant kefir based products", "2", "Study of the engineering and physicochemical parameters involved in the development of novel, instant kefir based products", "2021-11-05");
INSERT INTO final_product (product_ID,product_title,project_ID,product_summary,product_due_date) VALUES ("52", "Birds migrating in a changing world: movements, regulatory mechanisms and conservation", "1", "Birds migrating in a changing world: movements, regulatory mechanisms and conservation", "2021-10-05");
INSERT INTO final_product (product_ID,product_title,project_ID,product_summary,product_due_date) VALUES ("53", "Space Launch System", "21", "Space Launch System", "2021-11-16");
INSERT INTO final_product (product_ID,product_title,project_ID,product_summary,product_due_date) VALUES ("54", "High Accuracy mass Measurement of the very Short-Lived Halo Nuclide 11Li", "20", "High Accuracy mass Measurement of the very Short-Lived Halo Nuclide 11Li", "2021-06-13");
INSERT INTO final_product (product_ID,product_title,project_ID,product_summary,product_due_date) VALUES ("55", "215 Curculio elephas: novel tools for Integrated Pest Management (IPM) on chestnut trees", "28", "215 Curculio elephas: novel tools for Integrated Pest Management (IPM) on chestnut trees", "2022-03-29");
INSERT INTO final_product (product_ID,product_title,project_ID,product_summary,product_due_date) VALUES ("56", "Beta-Decay Study of Neutron-Rich Tl, Pb, and Bi by means of the Pulsed-Release Technique and Resonant Laser Ionisation", "33", "Beta-Decay Study of Neutron-Rich Tl, Pb, and Bi by means of the Pulsed-Release Technique and Resonant Laser Ionisation", "2022-01-01");
INSERT INTO final_product (product_ID,product_title,project_ID,product_summary,product_due_date) VALUES ("57", "Search for Physics Beyond the Standard Model via Positron Polarization Measurements with Polarized 17F", "45", "Search for Physics Beyond the Standard Model via Positron Polarization Measurements with Polarized 17F", "2022-02-22");
INSERT INTO final_product (product_ID,product_title,project_ID,product_summary,product_due_date) VALUES ("58", "31Si Self-Diffusion in Si-Ge Alloys and Si-(B-)C-N Ceramics and Diffusion Studies for Al and Si Beam Developments", "16", "31Si Self-Diffusion in Si-Ge Alloys and Si-(B-)C-N Ceramics and Diffusion Studies for Al and Si Beam Developments", "2021-06-22");
INSERT INTO final_product (product_ID,product_title,project_ID,product_summary,product_due_date) VALUES ("59", "Diffusive, Structural, Optical, and Electrical Properties of Defects in Semiconductors", "15", "Diffusive, Structural, Optical, and Electrical Properties of Defects in Semiconductors", "2022-04-29");
INSERT INTO final_product (product_ID,product_title,project_ID,product_summary,product_due_date) VALUES ("60", "MISTRAL: Mass measurements at ISolde with a Transmission RAdiofrequency spectrometer on-Line", "42", "MISTRAL: Mass measurements at ISolde with a Transmission RAdiofrequency spectrometer on-Line", "2022-04-25");
INSERT INTO final_product (product_ID,product_title,project_ID,product_summary,product_due_date) VALUES ("61", "Wavelets in biomedical engineering", "22", "Wavelets in biomedical engineering", "2022-04-26");
INSERT INTO final_product (product_ID,product_title,project_ID,product_summary,product_due_date) VALUES ("62", "Dissecting the Regulatory T cell metabolic aberrancies in autoimmunity to empower their function", "24", "Dissecting the Regulatory T cell metabolic aberrancies in autoimmunity to empower their function", "2021-12-02");
INSERT INTO final_product (product_ID,product_title,project_ID,product_summary,product_due_date) VALUES ("63", "Studies of electric dipole moments in the octupole collective regions of heavy Radiums and Bariums", "29", "Studies of electric dipole moments in the octupole collective regions of heavy Radiums and Bariums", "2021-09-27");
INSERT INTO final_product (product_ID,product_title,project_ID,product_summary,product_due_date) VALUES ("64", "Deciphering the multimessenger signals from Gravitational wave events that include Neutron stars", "34", "Deciphering the multimessenger signals from Gravitational wave events that include Neutron stars", "2021-10-31");
INSERT INTO final_product (product_ID,product_title,project_ID,product_summary,product_due_date) VALUES ("65", "Innovative approach for personalized prediction and health assessment in chronic lymphocytic leukemia", "47", "Innovative approach for personalized prediction and health assessment in chronic lymphocytic leukemia", "2022-05-23");
INSERT INTO final_product (product_ID,product_title,project_ID,product_summary,product_due_date) VALUES ("66", "Modified carbon nanostructures and related 2D nanomaterials with small organic and coordination molecules as sustainable electrocatalysts", "31", "Modified carbon nanostructures and related 2D nanomaterials with small organic and coordination molecules as sustainable electrocatalysts", "2022-03-14");
INSERT INTO final_product (product_ID,product_title,project_ID,product_summary,product_due_date) VALUES ("67", "DNA Damage & Metabolism in Progeria and Natural Aging", "14", "DNA Damage & Metabolism in Progeria and Natural Aging", "2021-10-18");
INSERT INTO final_product (product_ID,product_title,project_ID,product_summary,product_due_date) VALUES ("68", "High Accuracy mass Measurement of the very Short-Lived Halo Nuclide 11Li", "26", "High Accuracy mass Measurement of the very Short-Lived Halo Nuclide 11Li", "2022-04-06");
INSERT INTO final_product (product_ID,product_title,project_ID,product_summary,product_due_date) VALUES ("69", "FLAMmable GreecE: Increasing awareness and preparedness for extreme fire weather and behavior", "30", "FLAMmable GreecE: Increasing awareness and preparedness for extreme fire weather and behavior", "2021-08-23");
INSERT INTO final_product (product_ID,product_title,project_ID,product_summary,product_due_date) VALUES ("70", "Nuclear moments, spins and charge radii of copper isotopes from N=28 to N=50 by collinear fast-beam laser spectroscopy", "16", "Nuclear moments, spins and charge radii of copper isotopes from N=28 to N=50 by collinear fast-beam laser spectroscopy", "2022-03-16");
INSERT INTO final_product (product_ID,product_title,project_ID,product_summary,product_due_date) VALUES ("71", "Mossbauer Studies of dilute Magnetic Semiconductors", "117", "0", "2022-06-23");
INSERT INTO final_product (product_ID,product_title,project_ID,product_summary,product_due_date) VALUES ("72", "Birds migrating in a changing world: movements, regulatory mechanisms and conservation", "69", "0", "2022-06-06");
INSERT INTO final_product (product_ID,product_title,project_ID,product_summary,product_due_date) VALUES ("73", "Metagenomic and Immunogenetic analysis in Multiple Sclerosis", "72", "0", "2022-06-03");
INSERT INTO final_product (product_ID,product_title,project_ID,product_summary,product_due_date) VALUES ("74", "Measurement of Gas and Volatile Elements Production Cross Section in a Molten Lead-Bismuth Target", "107", "0", "2022-06-12");
INSERT INTO final_product (product_ID,product_title,project_ID,product_summary,product_due_date) VALUES ("75", "Studies of Colossal Magnetoresistive Oxides with Radioactive Isotopes", "142", "0", "2022-06-24");
INSERT INTO final_product (product_ID,product_title,project_ID,product_summary,product_due_date) VALUES ("76", "Measurement of the magnetic moment of the 2+state in neutron-rich radioactive 72,74Zn using the transient field technique in inverse kinematics", "60", "0", "2022-06-01");
INSERT INTO final_product (product_ID,product_title,project_ID,product_summary,product_due_date) VALUES ("77", "Wavelets in biomedical engineering", "96", "0", "2022-06-07");
INSERT INTO final_product (product_ID,product_title,project_ID,product_summary,product_due_date) VALUES ("78", "Reconstructing a human skeleton: Sorting human skeletal elements from mass disasters", "149", "0", "2022-06-09");
INSERT INTO final_product (product_ID,product_title,project_ID,product_summary,product_due_date) VALUES ("79", "Interactions of 16O Projectile and its Fragments in Nuclear Emulsion at about 60 and 200 GeV/nucleon", "75", "0", "2022-06-08");
INSERT INTO final_product (product_ID,product_title,project_ID,product_summary,product_due_date) VALUES ("80", "Mapping the boundaries of the seniority regime and collective motion: Coulomb excitation studies of N=122 isotones 206Po and 208Rn", "87", "0", "2022-05-29");
INSERT INTO final_product (product_ID,product_title,project_ID,product_summary,product_due_date) VALUES ("81", "Charge Breeding of Radioactive Ions in an Electron Cyclotron Resonance Ion Source(ECRIS) at ISOLDE", "63", "0", "2022-06-08");
INSERT INTO final_product (product_ID,product_title,project_ID,product_summary,product_due_date) VALUES ("82", "Conducting polymers in biomedical engineering", "83", "0", "2022-06-21");
INSERT INTO final_product (product_ID,product_title,project_ID,product_summary,product_due_date) VALUES ("83", "Approaching the r-process waiting point nuclei below 132Sn: quadrupole collectivity in 128Cd", "140", "0", "2022-05-29");
INSERT INTO final_product (product_ID,product_title,project_ID,product_summary,product_due_date) VALUES ("84", "Investigations of neutron-rich nuclei at the dripline through their analogue states: The cases of 10Li-10Be(T=2) and 17C-17N (T=5/2)", "131", "0", "2022-05-31");
INSERT INTO final_product (product_ID,product_title,project_ID,product_summary,product_due_date) VALUES ("85", "Conducting polymers in biomedical engineering", "132", "0", "2022-06-02");
INSERT INTO final_product (product_ID,product_title,project_ID,product_summary,product_due_date) VALUES ("86", "Role of mechanical forces in development and cancer", "82", "0", "2022-06-04");
INSERT INTO final_product (product_ID,product_title,project_ID,product_summary,product_due_date) VALUES ("87", "Role of mechanical forces in development and cancer", "78", "0", "2022-05-29");
INSERT INTO final_product (product_ID,product_title,project_ID,product_summary,product_due_date) VALUES ("88", "Measurement of Gas and Volatile Elements Production Cross Section in a Molten Lead-Bismuth Target", "147", "0", "2022-06-26");
INSERT INTO final_product (product_ID,product_title,project_ID,product_summary,product_due_date) VALUES ("89", "Fluid-Induced Seismicity mechanisms: Stochastic modelling, seismic anisotropy and beyond", "112", "0", "2022-06-08");
INSERT INTO final_product (product_ID,product_title,project_ID,product_summary,product_due_date) VALUES ("90", "Search for Physics Beyond the Standard Model via Positron Polarization Measurements with Polarized 17F", "92", "0", "2022-06-16");
INSERT INTO final_product (product_ID,product_title,project_ID,product_summary,product_due_date) VALUES ("91", "tudies of B-delayed two-proton emission : The cases of 31Ar and 35Ca", "116", "0", "2022-06-23");
INSERT INTO final_product (product_ID,product_title,project_ID,product_summary,product_due_date) VALUES ("92", "Measurements of octupole collectivity in 220,222Rn and 222,224Ra using Coulomb excitation", "115", "0", "2022-06-04");
INSERT INTO final_product (product_ID,product_title,project_ID,product_summary,product_due_date) VALUES ("93", "Metagenomic and Immunogenetic analysis in Multiple Sclerosis", "115", "0", "2022-06-05");
INSERT INTO final_product (product_ID,product_title,project_ID,product_summary,product_due_date) VALUES ("94", "Semiconductor Spectroscopy with Short Lived Isotopes", "76", "0", "2022-06-22");
INSERT INTO final_product (product_ID,product_title,project_ID,product_summary,product_due_date) VALUES ("95", "Study of the engineering and physicochemical parameters involved in the development of novel, instant kefir based products", "81", "0", "2022-06-06");
INSERT INTO final_product (product_ID,product_title,project_ID,product_summary,product_due_date) VALUES ("96", "Cold Antihydrogen for Precise Laser Spectroscopy", "140", "0", "2022-06-16");
INSERT INTO final_product (product_ID,product_title,project_ID,product_summary,product_due_date) VALUES ("97", "Innovative approach for personalized prediction and health assessment in chronic lymphocytic leukemia", "55", "0", "2022-06-11");
INSERT INTO final_product (product_ID,product_title,project_ID,product_summary,product_due_date) VALUES ("98", "Laser Spectroscopy of Neutron Rich Bismuth Isotopes", "80", "0", "2022-05-30");
INSERT INTO final_product (product_ID,product_title,project_ID,product_summary,product_due_date) VALUES ("99", "Atomic Spectroscopy and Collisions Using Slow Antiprotons The ASACUSA Collaboration", "143", "0", "2022-06-11");
INSERT INTO final_product (product_ID,product_title,project_ID,product_summary,product_due_date) VALUES ("100", "Investigations of neutron-rich nuclei at the dripline through their analogue states: The cases of 10Li-10Be(T=2) and 17C-17N (T=5/2)", "78", "0", "2022-06-09");
INSERT INTO final_product (product_ID,product_title,project_ID,product_summary,product_due_date) VALUES ("101", "Precision Measurement of the Half-Life and the Beta-Decay Q Value of the Superallowed O+-> O+ Beta Decay of 38Ca", "134", "0", "2022-06-01");
INSERT INTO final_product (product_ID,product_title,project_ID,product_summary,product_due_date) VALUES ("102", "EndotyPIng PreHospitAl de Novo acute hYpoxemic respiratory failure", "80", "0", "2022-06-11");
INSERT INTO final_product (product_ID,product_title,project_ID,product_summary,product_due_date) VALUES ("103", "Measurement of Moments and Radii of Light Nuclei by Collinear Fast-Beam Laser Spectroscopy and Beta-NMR Spectroscopy", "143", "0", "2022-06-14");
INSERT INTO final_product (product_ID,product_title,project_ID,product_summary,product_due_date) VALUES ("104", "Mn and Fe Impurities in Si 1-x Ge x alloys", "127", "0", "2022-06-01");
INSERT INTO final_product (product_ID,product_title,project_ID,product_summary,product_due_date) VALUES ("105", "Towards greater nitrogen use efficiency in agroecosystems", "131", "0", "2022-06-24");
INSERT INTO final_product (product_ID,product_title,project_ID,product_summary,product_due_date) VALUES ("106", "Origins Spectral Interpretation Resource Identification Security Regolith Explorer", "104", "0", "2022-06-06");
INSERT INTO final_product (product_ID,product_title,project_ID,product_summary,product_due_date) VALUES ("107", "Obtaining Empirical Validation of Shapecoexistence in the Mass 70 Region: Coulomb Excitation of a Radioactive Beam of 70Se", "54", "0", "2022-06-15");
INSERT INTO final_product (product_ID,product_title,project_ID,product_summary,product_due_date) VALUES ("108", "Fluid-Induced Seismicity mechanisms: Stochastic modelling, seismic anisotropy and beyond", "54", "0", "2022-06-13");
INSERT INTO final_product (product_ID,product_title,project_ID,product_summary,product_due_date) VALUES ("109", "Fluid-Induced Seismicity mechanisms: Stochastic modelling, seismic anisotropy and beyond", "147", "0", "2022-06-21");
INSERT INTO final_product (product_ID,product_title,project_ID,product_summary,product_due_date) VALUES ("110", "An Energy Upgrade of REX-ISOLDE to 3.1 MeV/u and Acceleration of Heavier Masses up to A=150.", "84", "0", "2022-06-11");
INSERT INTO final_product (product_ID,product_title,project_ID,product_summary,product_due_date) VALUES ("111", "Determination of the Electron Neutrino Mass from Experiments on Electron-Capture Beta-Decay (EC)", "89", "0", "2022-05-30");
INSERT INTO final_product (product_ID,product_title,project_ID,product_summary,product_due_date) VALUES ("112", "Magnetized galaxies through cosmic time: Simulating the galactic magnetic field across scales and epochs", "123", "0", "2022-06-26");
INSERT INTO final_product (product_ID,product_title,project_ID,product_summary,product_due_date) VALUES ("113", "Studies of the Beta-Decay of Kr and Sr nuclei on and near the N=Z line with a Total Absorption Gamma Ray Spectrometer", "142", "0", "2022-05-29");
INSERT INTO final_product (product_ID,product_title,project_ID,product_summary,product_due_date) VALUES ("114", "Metagenomic and Immunogenetic analysis in Multiple Sclerosis", "126", "0", "2022-06-06");
INSERT INTO final_product (product_ID,product_title,project_ID,product_summary,product_due_date) VALUES ("115", "Doping Properties of Ferromagnetic Semiconductors Investigated by the Hyperfine Interaction of Implanted Radioisotopes", "129", "0", "2022-06-16");
INSERT INTO final_product (product_ID,product_title,project_ID,product_summary,product_due_date) VALUES ("116", "MISTRAL: Mass measurements at ISolde with a Transmission RAdiofrequency spectrometer on-Line", "64", "0", "2022-06-20");
INSERT INTO final_product (product_ID,product_title,project_ID,product_summary,product_due_date) VALUES ("117", "Modified carbon nanostructures and related 2D nanomaterials with small organic and coordination molecules as sustainable electrocatalysts", "75", "0", "2022-06-26");
INSERT INTO final_product (product_ID,product_title,project_ID,product_summary,product_due_date) VALUES ("118", "Mn and Fe Impurities in Si 1-x Ge x alloys", "87", "0", "2022-06-16");
INSERT INTO final_product (product_ID,product_title,project_ID,product_summary,product_due_date) VALUES ("119", "Birds migrating in a changing world: movements, regulatory mechanisms and conservation", "69", "0", "2022-06-05");
INSERT INTO final_product (product_ID,product_title,project_ID,product_summary,product_due_date) VALUES ("120", "Type 2 Diabetes drives pulmonary and liver fibrosis through phospholipid and microbiota metabolism", "143", "0", "2022-06-16");
INSERT INTO final_product (product_ID,product_title,project_ID,product_summary,product_due_date) VALUES ("121", "Cold Antihydrogen for Precise Laser Spectroscopy", "150", "0", "2022-06-13");
INSERT INTO final_product (product_ID,product_title,project_ID,product_summary,product_due_date) VALUES ("122", "Approaching the r-process waiting point nuclei below 132Sn: quadrupole collectivity in 128Cd", "89", "0", "2022-06-03");
INSERT INTO final_product (product_ID,product_title,project_ID,product_summary,product_due_date) VALUES ("123", "Ultrasonically activated nanomedicines for targeted therapy of pancreatic cancer", "70", "0", "2022-06-24");
INSERT INTO final_product (product_ID,product_title,project_ID,product_summary,product_due_date) VALUES ("124", "FLAMmable GreecE: Increasing awareness and preparedness for extreme fire weather and behavior", "96", "0", "2022-06-26");
INSERT INTO final_product (product_ID,product_title,project_ID,product_summary,product_due_date) VALUES ("125", "Pathfinder Technology Demonstrator (PTD)", "82", "0", "2022-06-22");
INSERT INTO final_product (product_ID,product_title,project_ID,product_summary,product_due_date) VALUES ("126", "tudies of B-delayed two-proton emission : The cases of 31Ar and 35Ca", "84", "0", "2022-05-31");
INSERT INTO final_product (product_ID,product_title,project_ID,product_summary,product_due_date) VALUES ("127", "Space Launch System", "78", "0", "2022-06-09");
INSERT INTO final_product (product_ID,product_title,project_ID,product_summary,product_due_date) VALUES ("128", "215 Curculio elephas: novel tools for Integrated Pest Management (IPM) on chestnut trees", "146", "0", "2022-06-24");
INSERT INTO final_product (product_ID,product_title,project_ID,product_summary,product_due_date) VALUES ("129", "Coulomb excitation of neutron-rich28,29,30Na nuclei with MINIBALL at REX-ISOLDE: Mapping the borders of the island of inversion", "86", "0", "2022-06-01");
INSERT INTO final_product (product_ID,product_title,project_ID,product_summary,product_due_date) VALUES ("130", "Applications of conducting polymers and their issues in biomedical engineering", "125", "0", "2022-06-12");
INSERT INTO final_product (product_ID,product_title,project_ID,product_summary,product_due_date) VALUES ("131", "Laser Spectroscopy of Neutron Rich Bismuth Isotopes", "140", "0", "2022-06-18");
INSERT INTO final_product (product_ID,product_title,project_ID,product_summary,product_due_date) VALUES ("132", "Measurement of the magnetic moment of the 2+state in neutron-rich radioactive 72,74Zn using the transient field technique in inverse kinematics", "134", "0", "2022-06-10");
INSERT INTO final_product (product_ID,product_title,project_ID,product_summary,product_due_date) VALUES ("133", "Shape coexistence measurements in even-even neutron-deficient Polonium isotopes by Coulomb excitation, using REX-ISOLDE and the Ge MINIBALL array.", "132", "0", "2022-06-20");
INSERT INTO final_product (product_ID,product_title,project_ID,product_summary,product_due_date) VALUES ("134", "Mossbauer Studies of dilute Magnetic Semiconductors", "52", "0", "2022-06-09");
INSERT INTO final_product (product_ID,product_title,project_ID,product_summary,product_due_date) VALUES ("135", "Studies of the Beta-Decay of Kr and Sr nuclei on and near the N=Z line with a Total Absorption Gamma Ray Spectrometer", "130", "0", "2022-06-22");
INSERT INTO final_product (product_ID,product_title,project_ID,product_summary,product_due_date) VALUES ("136", "Role of mechanical forces in development and cancer", "150", "0", "2022-06-22");
INSERT INTO final_product (product_ID,product_title,project_ID,product_summary,product_due_date) VALUES ("137", "Deciphering gene expression by long noncoding RNAs in yeast and mammalian stem cells: mechanisms of Cell Fate Determination", "79", "0", "2022-06-15");
INSERT INTO final_product (product_ID,product_title,project_ID,product_summary,product_due_date) VALUES ("138", "Magnetized galaxies through cosmic time: Simulating the galactic magnetic field across scales and epochs", "101", "0", "2022-06-01");
INSERT INTO final_product (product_ID,product_title,project_ID,product_summary,product_due_date) VALUES ("139", "The Structure of the Heavy Calcium Isotpes and the Effective Interaction in the sd-fp Shell", "146", "0", "2022-05-30");
INSERT INTO final_product (product_ID,product_title,project_ID,product_summary,product_due_date) VALUES ("140", "Thermosphere Ionosphere Mesosphere Energetics and Dynamics", "115", "0", "2022-06-26");
INSERT INTO final_product (product_ID,product_title,project_ID,product_summary,product_due_date) VALUES ("141", "High Resolution Conversion Electron Spectroscopy of Valence Electron Configurations (CESVEC) in Solids", "114", "0", "2022-06-23");
INSERT INTO final_product (product_ID,product_title,project_ID,product_summary,product_due_date) VALUES ("142", "Modified carbon nanostructures and related 2D nanomaterials with small organic and coordination molecules as sustainable electrocatalysts", "119", "0", "2022-06-21");
INSERT INTO final_product (product_ID,product_title,project_ID,product_summary,product_due_date) VALUES ("143", "Advanced Metallomics Analysis in Fish for Improved Assessment", "115", "0", "2022-06-20");
INSERT INTO final_product (product_ID,product_title,project_ID,product_summary,product_due_date) VALUES ("144", "Delayed Particle Study of Neutron Rich Lithium Isotopes", "110", "0", "2022-06-24");
INSERT INTO final_product (product_ID,product_title,project_ID,product_summary,product_due_date) VALUES ("145", "Innovative approach for personalized prediction and health assessment in chronic lymphocytic leukemia", "97", "0", "2022-06-16");
INSERT INTO final_product (product_ID,product_title,project_ID,product_summary,product_due_date) VALUES ("146", "Nuclear moments, spins and charge radii of copper isotopes from N=28 to N=50 by collinear fast-beam laser spectroscopy", "129", "0", "2022-06-22");
INSERT INTO final_product (product_ID,product_title,project_ID,product_summary,product_due_date) VALUES ("147", "Shape coexistence measurements in even-even neutron-deficient Polonium isotopes by Coulomb excitation, using REX-ISOLDE and the Ge MINIBALL array.", "104", "0", "2022-06-25");
INSERT INTO final_product (product_ID,product_title,project_ID,product_summary,product_due_date) VALUES ("148", "Fast-timing studies of nuclei below 68Ni populated in the B-decay of Mn isotopes", "128", "0", "2022-06-13");
INSERT INTO final_product (product_ID,product_title,project_ID,product_summary,product_due_date) VALUES ("149", "Studies of B-delayed two-proton emission : The cases of 31Ar and 35Ca", "70", "0", "2022-06-03");
INSERT INTO final_product (product_ID,product_title,project_ID,product_summary,product_due_date) VALUES ("150", "Antihydrogen Production and Precision Experiments The ATHENA Collaboration", "95", "0", "2022-05-31");
INSERT INTO final_product (product_ID,product_title,project_ID,product_summary,product_due_date) VALUES ("151", "Untying the Gordian Knot of the regulation of Type III Secretion Systems from economically important pathogens", "112", "0", "2022-06-03");
INSERT INTO final_product (product_ID,product_title,project_ID,product_summary,product_due_date) VALUES ("152", "Shape Effects along the Z=82 line: study of the beta decay of 188,190,192Pb using total Absorption Spectroscopy", "73", "0", "2022-06-13");
INSERT INTO final_product (product_ID,product_title,project_ID,product_summary,product_due_date) VALUES ("153", "Advanced Materials for Perovskite Solar Cells", "131", "0", "2022-06-19");
INSERT INTO final_product (product_ID,product_title,project_ID,product_summary,product_due_date) VALUES ("154", "DNA Damage & Metabolism in Progeria and Natural Aging", "146", "0", "2022-06-13");
INSERT INTO final_product (product_ID,product_title,project_ID,product_summary,product_due_date) VALUES ("155", "Charge Breeding of Radioactive Ions in an Electron Cyclotron Resonance Ion Source(ECRIS) at ISOLDE", "113", "0", "2022-06-14");
INSERT INTO final_product (product_ID,product_title,project_ID,product_summary,product_due_date) VALUES ("156", "The Structure of the Heavy Calcium Isotpes and the Effective Interaction in the sd-fp Shell", "118", "0", "2022-06-11");
INSERT INTO final_product (product_ID,product_title,project_ID,product_summary,product_due_date) VALUES ("157", "DNA Damage & Metabolism in Progeria and Natural Aging", "131", "0", "2022-06-25");
INSERT INTO final_product (product_ID,product_title,project_ID,product_summary,product_due_date) VALUES ("158", "INteractions of Veterinary antibiotics with soil microorganisms: exploiting microbial degradation to avert Environmental contamination and ResisTance dispersal", "62", "0", "2022-06-10");
INSERT INTO final_product (product_ID,product_title,project_ID,product_summary,product_due_date) VALUES ("159", "Studies of Colossal Magnetoresistive Oxides with Radioactive Isotopes", "84", "0", "2022-06-07");
INSERT INTO final_product (product_ID,product_title,project_ID,product_summary,product_due_date) VALUES ("160", "Cislunar Autonomous Positioning System Technology Operations and Navigation Experiment (CAPSTONE)", "73", "0", "2022-05-30");
INSERT INTO final_product (product_ID,product_title,project_ID,product_summary,product_due_date) VALUES ("161", "Measurement of Moments and Radii of Light Nuclei by Collinear Fast-Beam Laser Spectroscopy and Beta-NMR Spectroscopy", "67", "0", "2022-05-31");
INSERT INTO final_product (product_ID,product_title,project_ID,product_summary,product_due_date) VALUES ("162", "Space Stochastic Gravitational Wave Hunt Employing LISA", "74", "0", "2022-06-21");
INSERT INTO final_product (product_ID,product_title,project_ID,product_summary,product_due_date) VALUES ("163", "Deciphering gene expression by long noncoding RNAs in yeast and mammalian stem cells: mechanisms of Cell Fate Determination", "52", "0", "2022-06-12");
INSERT INTO final_product (product_ID,product_title,project_ID,product_summary,product_due_date) VALUES ("164", "Studies of Colossal Magnetoresistive Oxides with Radioactive Isotopes", "81", "0", "2022-06-09");
INSERT INTO final_product (product_ID,product_title,project_ID,product_summary,product_due_date) VALUES ("165", "Precision Measurement of the Half-Life and the Beta-Decay Q Value of the Superallowed O+-> O+ Beta Decay of 38Ca", "76", "0", "2022-06-17");
INSERT INTO final_product (product_ID,product_title,project_ID,product_summary,product_due_date) VALUES ("166", "Study of the effect of shell stabilization of the collective isovector valence-shell excitations along the N=80 isotonic chain	", "72", "0", "2022-06-24");
INSERT INTO final_product (product_ID,product_title,project_ID,product_summary,product_due_date) VALUES ("167", "An Energy Upgrade of REX-ISOLDE to 3.1 MeV/u and Acceleration of Heavier Masses up to A=150.", "104", "0", "2022-06-04");
INSERT INTO final_product (product_ID,product_title,project_ID,product_summary,product_due_date) VALUES ("168", "Shape coexistence measurements in even-even neutron-deficient Polonium isotopes by Coulomb excitation, using REX-ISOLDE and the Ge MINIBALL array.", "137", "0", "2022-06-21");
INSERT INTO final_product (product_ID,product_title,project_ID,product_summary,product_due_date) VALUES ("169", "Ultrasonically activated nanomedicines for targeted therapy of pancreatic cancer", "63", "0", "2022-06-25");
INSERT INTO final_product (product_ID,product_title,project_ID,product_summary,product_due_date) VALUES ("170", "Investigation of astrophysically relevant neutron-rich argon nuclei", "148", "0", "2022-06-04");
INSERT INTO final_product (product_ID,product_title,project_ID,product_summary,product_due_date) VALUES ("171", "Fluid-Induced Seismicity mechanisms: Stochastic modelling, seismic anisotropy and beyond", "95", "0", "2022-05-31");
INSERT INTO final_product (product_ID,product_title,project_ID,product_summary,product_due_date) VALUES ("172", "DNA Damage & Metabolism in Progeria and Natural Aging", "100", "0", "2022-06-14");
INSERT INTO final_product (product_ID,product_title,project_ID,product_summary,product_due_date) VALUES ("173", "215 Curculio elephas: novel tools for Integrated Pest Management (IPM) on chestnut trees", "115", "0", "2022-06-23");
INSERT INTO final_product (product_ID,product_title,project_ID,product_summary,product_due_date) VALUES ("174", "Determination of the Electron Neutrino Mass from Experiments on Electron-Capture Beta-Decay (EC)", "126", "0", "2022-05-31");
INSERT INTO final_product (product_ID,product_title,project_ID,product_summary,product_due_date) VALUES ("175", "Deciphering the multimessenger signals from Gravitational wave events that include Neutron stars", "98", "0", "2022-06-10");
INSERT INTO final_product (product_ID,product_title,project_ID,product_summary,product_due_date) VALUES ("176", "Exploring Halo Effects in the Scattering of 11Be on Heavy Targets at REX-ISOLDE", "74", "0", "2022-06-24");
INSERT INTO final_product (product_ID,product_title,project_ID,product_summary,product_due_date) VALUES ("177", "Quantum measurement with cold atoms ", "133", "0", "2022-06-24");
INSERT INTO final_product (product_ID,product_title,project_ID,product_summary,product_due_date) VALUES ("178", "Vascular Inflammation ReDuction and perivascular fat Imaging by Computed Tomography", "135", "0", "2022-06-22");
INSERT INTO final_product (product_ID,product_title,project_ID,product_summary,product_due_date) VALUES ("179", "Thermosphere Ionosphere Mesosphere Energetics and Dynamics", "89", "0", "2022-06-23");
INSERT INTO final_product (product_ID,product_title,project_ID,product_summary,product_due_date) VALUES ("180", "Ultrasonically activated nanomedicines for targeted therapy of pancreatic cancer", "55", "0", "2022-06-13");
INSERT INTO final_product (product_ID,product_title,project_ID,product_summary,product_due_date) VALUES ("181", "Antihydrogen Production and Precision Experiments The ATHENA Collaboration", "77", "0", "2022-06-07");
INSERT INTO final_product (product_ID,product_title,project_ID,product_summary,product_due_date) VALUES ("182", "Cislunar Autonomous Positioning System Technology Operations and Navigation Experiment (CAPSTONE)", "98", "0", "2022-06-12");
INSERT INTO final_product (product_ID,product_title,project_ID,product_summary,product_due_date) VALUES ("183", "Measurement of the magnetic moment of the 2+state in neutron-rich radioactive 72,74Zn using the transient field technique in inverse kinematics", "77", "0", "2022-06-08");
INSERT INTO final_product (product_ID,product_title,project_ID,product_summary,product_due_date) VALUES ("184", "Studies of electric dipole moments in the octupole collective regions of heavy Radiums and Bariums", "120", "0", "2022-06-21");
INSERT INTO final_product (product_ID,product_title,project_ID,product_summary,product_due_date) VALUES ("185", "The Electronic Structure of Impurities in Semiconductors", "96", "0", "2022-06-24");
INSERT INTO final_product (product_ID,product_title,project_ID,product_summary,product_due_date) VALUES ("186", "Laser Spectroscopy of Neutron Rich Bismuth Isotopes", "69", "0", "2022-06-01");
INSERT INTO final_product (product_ID,product_title,project_ID,product_summary,product_due_date) VALUES ("187", "Reconstructing a human skeleton: Sorting human skeletal elements from mass disasters", "81", "0", "2022-06-01");
INSERT INTO final_product (product_ID,product_title,project_ID,product_summary,product_due_date) VALUES ("188", "Studies of electric dipole moments in the octupole collective regions of heavy Radiums and Bariums", "115", "0", "2022-06-04");
INSERT INTO final_product (product_ID,product_title,project_ID,product_summary,product_due_date) VALUES ("189", "Study of the engineering and physicochemical parameters involved in the development of novel, instant kefir based products", "60", "0", "2022-06-11");
INSERT INTO final_product (product_ID,product_title,project_ID,product_summary,product_due_date) VALUES ("190", "Birds migrating in a changing world: movements, regulatory mechanisms and conservation", "145", "0", "2022-06-15");
INSERT INTO final_product (product_ID,product_title,project_ID,product_summary,product_due_date) VALUES ("191", "Immunoglobulin Light Chains and amyloid fibrils induced cardiotoxicity. Amenability of the cardiac proteasome activity", "150", "0", "2022-06-05");
INSERT INTO final_product (product_ID,product_title,project_ID,product_summary,product_due_date) VALUES ("192", "Ecological success beyond the genome: Linking adaptive potential with habitat connectivity", "70", "0", "2022-06-18");
INSERT INTO final_product (product_ID,product_title,project_ID,product_summary,product_due_date) VALUES ("193", "Artificial intelligence and computer science in education: From kindergarten to university", "141", "0", "2022-06-07");
INSERT INTO final_product (product_ID,product_title,project_ID,product_summary,product_due_date) VALUES ("194", "Untying the Gordian Knot of the regulation of Type III Secretion Systems from economically important pathogens", "146", "0", "2022-06-06");
INSERT INTO final_product (product_ID,product_title,project_ID,product_summary,product_due_date) VALUES ("195", "Wavelets in biomedical engineering", "133", "0", "2022-06-23");
INSERT INTO final_product (product_ID,product_title,project_ID,product_summary,product_due_date) VALUES ("196", "Artificial intelligence and computer science in education: From kindergarten to university", "146", "0", "2022-06-25");
INSERT INTO final_product (product_ID,product_title,project_ID,product_summary,product_due_date) VALUES ("197", "Advanced Cosmic-ray Composition Exp. for the Space Station", "53", "0", "2022-06-10");
INSERT INTO final_product (product_ID,product_title,project_ID,product_summary,product_due_date) VALUES ("198", "Semiconductor Spectroscopy with Short Lived Isotopes", "97", "0", "2022-05-30");
INSERT INTO final_product (product_ID,product_title,project_ID,product_summary,product_due_date) VALUES ("199", "Applications of conducting polymers and their issues in biomedical engineering", "136", "0", "2022-06-25");
INSERT INTO final_product (product_ID,product_title,project_ID,product_summary,product_due_date) VALUES ("200", "Precision measurement of the magnetic moment of the \Delta0", "135", "0", "2022-06-20");
INSERT INTO final_product (product_ID,product_title,project_ID,product_summary,product_due_date) VALUES ("201", "Quantum measurement with cold atoms ", "101", "0", "2022-05-31");
INSERT INTO final_product (product_ID,product_title,project_ID,product_summary,product_due_date) VALUES ("202", "Search for Physics Beyond the Standard Model via Positron Polarization Measurements with Polarized 17F", "55", "0", "2022-06-15");
INSERT INTO final_product (product_ID,product_title,project_ID,product_summary,product_due_date) VALUES ("203", "Delayed Particle Study of Neutron Rich Lithium Isotopes", "83", "0", "2022-06-24");
INSERT INTO final_product (product_ID,product_title,project_ID,product_summary,product_due_date) VALUES ("204", "Cislunar Autonomous Positioning System Technology Operations and Navigation Experiment (CAPSTONE)", "89", "0", "2022-06-02");
INSERT INTO final_product (product_ID,product_title,project_ID,product_summary,product_due_date) VALUES ("205", "Role of endothelial RhoA in cancer metastasis", "150", "0", "2022-05-30");
INSERT INTO final_product (product_ID,product_title,project_ID,product_summary,product_due_date) VALUES ("206", "Relative Biological Effectiveness and Peripheral Damage of Antiproton Annihilation", "117", "0", "2022-06-21");
INSERT INTO final_product (product_ID,product_title,project_ID,product_summary,product_due_date) VALUES ("207", "Deciphering the multimessenger signals from Gravitational wave events that include Neutron stars", "134", "0", "2022-06-01");
INSERT INTO final_product (product_ID,product_title,project_ID,product_summary,product_due_date) VALUES ("208", "204mPb:A new Probe for TDPAC Experiments in Biology Complementing the Well Established Probes 111mCd and 199mHg", "58", "0", "2022-06-01");
INSERT INTO final_product (product_ID,product_title,project_ID,product_summary,product_due_date) VALUES ("209", "Study of the effect of shell stabilization of the collective isovector valence-shell excitations along the N=80 isotonic chain	", "83", "0", "2022-06-02");
INSERT INTO final_product (product_ID,product_title,project_ID,product_summary,product_due_date) VALUES ("210", "Bridging moleCular diAgnostics and metabolomicS in ventilator-aSsociated pneumonia", "110", "0", "2022-06-08");
INSERT INTO final_product (product_ID,product_title,project_ID,product_summary,product_due_date) VALUES ("211", "DNA Damage & Metabolism in Progeria and Natural Aging", "101", "0", "2022-05-29");
INSERT INTO final_product (product_ID,product_title,project_ID,product_summary,product_due_date) VALUES ("212", "Ecological success beyond the genome: Linking adaptive potential with habitat connectivity", "149", "0", "2022-06-16");
INSERT INTO final_product (product_ID,product_title,project_ID,product_summary,product_due_date) VALUES ("213", "Fluid-Induced Seismicity mechanisms: Stochastic modelling, seismic anisotropy and beyond", "146", "0", "2022-06-19");
INSERT INTO final_product (product_ID,product_title,project_ID,product_summary,product_due_date) VALUES ("214", "Magnetized galaxies through cosmic time: Simulating the galactic magnetic field across scales and epochs", "97", "0", "2022-06-17");
INSERT INTO final_product (product_ID,product_title,project_ID,product_summary,product_due_date) VALUES ("215", "Investigation of astrophysically relevant neutron-rich argon nuclei", "146", "0", "2022-06-05");
INSERT INTO final_product (product_ID,product_title,project_ID,product_summary,product_due_date) VALUES ("216", "The Electronic Structure of Impurities in Semiconductors", "54", "0", "2022-06-08");
INSERT INTO final_product (product_ID,product_title,project_ID,product_summary,product_due_date) VALUES ("217", "Diffusive, Structural, Optical, and Electrical Properties of Defects in Semiconductors", "63", "0", "2022-06-21");
INSERT INTO final_product (product_ID,product_title,project_ID,product_summary,product_due_date) VALUES ("218", "Origins Spectral Interpretation Resource Identification Security Regolith Explorer", "140", "0", "2022-06-12");
INSERT INTO final_product (product_ID,product_title,project_ID,product_summary,product_due_date) VALUES ("219", "Measurement of Gas and Volatile Elements Production Cross Section in a Molten Lead-Bismuth Target", "141", "0", "2022-06-13");
INSERT INTO final_product (product_ID,product_title,project_ID,product_summary,product_due_date) VALUES ("220", "Role of endothelial RhoA in cancer metastasis", "127", "0", "2022-05-31");







INSERT INTO financial_programme (programme_ID,HFRI_department_ID) VALUES ( "1", "1");
INSERT INTO financial_programme (programme_ID,HFRI_department_ID) VALUES ( "2", "7");
INSERT INTO financial_programme (programme_ID,HFRI_department_ID) VALUES ( "3", "1");
INSERT INTO financial_programme (programme_ID,HFRI_department_ID) VALUES ( "4", "2");
INSERT INTO financial_programme (programme_ID,HFRI_department_ID) VALUES ( "5", "5");
INSERT INTO financial_programme (programme_ID,HFRI_department_ID) VALUES ( "6", "9");
INSERT INTO financial_programme (programme_ID,HFRI_department_ID) VALUES ( "7", "7");
INSERT INTO financial_programme (programme_ID,HFRI_department_ID) VALUES ( "8", "1");
INSERT INTO financial_programme (programme_ID,HFRI_department_ID) VALUES ( "9", "3");
INSERT INTO financial_programme (programme_ID,HFRI_department_ID) VALUES ( "10", "8");
INSERT INTO financial_programme (programme_ID,HFRI_department_ID) VALUES ( "11", "4");
INSERT INTO financial_programme (programme_ID,HFRI_department_ID) VALUES ( "12", "7");
INSERT INTO financial_programme (programme_ID,HFRI_department_ID) VALUES ( "13", "4");
INSERT INTO financial_programme (programme_ID,HFRI_department_ID) VALUES ( "14", "8");
INSERT INTO financial_programme (programme_ID,HFRI_department_ID) VALUES ( "15", "3");
INSERT INTO financial_programme (programme_ID,HFRI_department_ID) VALUES ( "16", "6");
INSERT INTO financial_programme (programme_ID,HFRI_department_ID) VALUES ( "17", "6");
INSERT INTO financial_programme (programme_ID,HFRI_department_ID) VALUES ( "18", "8");
INSERT INTO financial_programme (programme_ID,HFRI_department_ID) VALUES ( "19", "5");
INSERT INTO financial_programme (programme_ID,HFRI_department_ID) VALUES ( "20", "5");
INSERT INTO financial_programme (programme_ID,HFRI_department_ID) VALUES ( "21", "3");
INSERT INTO financial_programme (programme_ID,HFRI_department_ID) VALUES ( "22", "2");
INSERT INTO financial_programme (programme_ID,HFRI_department_ID) VALUES ( "23", "2");
INSERT INTO financial_programme (programme_ID,HFRI_department_ID) VALUES ( "24", "5");
INSERT INTO financial_programme (programme_ID,HFRI_department_ID) VALUES ( "25", "2");
INSERT INTO financial_programme (programme_ID,HFRI_department_ID) VALUES ( "26", "2");
INSERT INTO financial_programme (programme_ID,HFRI_department_ID) VALUES ( "27", "2");
INSERT INTO financial_programme (programme_ID,HFRI_department_ID) VALUES ( "28", "4");
INSERT INTO financial_programme (programme_ID,HFRI_department_ID) VALUES ( "29", "9");
INSERT INTO financial_programme (programme_ID,HFRI_department_ID) VALUES ( "30", "1");






INSERT INTO HFRI_department (HFRI_department_ID,HFRI_department_name) VALUES ( "1", "Physics");
INSERT INTO HFRI_department (HFRI_department_ID,HFRI_department_name) VALUES ( "2", "Aerodynamics & Hydrodynamics");
INSERT INTO HFRI_department (HFRI_department_ID,HFRI_department_name) VALUES ( "3", "Biology & Health");
INSERT INTO HFRI_department (HFRI_department_ID,HFRI_department_name) VALUES ( "4", "Agricultural Science");
INSERT INTO HFRI_department (HFRI_department_ID,HFRI_department_name) VALUES ( "5", "Math & Computer Science");
INSERT INTO HFRI_department (HFRI_department_ID,HFRI_department_name) VALUES ( "6", "Managment");
INSERT INTO HFRI_department (HFRI_department_ID,HFRI_department_name) VALUES ( "7", "Social Science");
INSERT INTO HFRI_department (HFRI_department_ID,HFRI_department_name) VALUES ( "8", "Computer Engineering");
INSERT INTO HFRI_department (HFRI_department_ID,HFRI_department_name) VALUES ( "9", "Power & Environment");






INSERT INTO HFRI_executives (executive_ID,executive_first_name,executive_last_name,HFRI_department_ID) VALUES ( "1", "Shawn", "Morgan", "6");
INSERT INTO HFRI_executives (executive_ID,executive_first_name,executive_last_name,HFRI_department_ID) VALUES ( "2", "Linda", "Byrd", "4");
INSERT INTO HFRI_executives (executive_ID,executive_first_name,executive_last_name,HFRI_department_ID) VALUES ( "3", "Krystal", "Allison", "7");
INSERT INTO HFRI_executives (executive_ID,executive_first_name,executive_last_name,HFRI_department_ID) VALUES ( "4", "Diamond", "Sanchez", "6");
INSERT INTO HFRI_executives (executive_ID,executive_first_name,executive_last_name,HFRI_department_ID) VALUES ( "5", "Hunter", "Thomas", "5");
INSERT INTO HFRI_executives (executive_ID,executive_first_name,executive_last_name,HFRI_department_ID) VALUES ( "6", "Allison", "James", "9");
INSERT INTO HFRI_executives (executive_ID,executive_first_name,executive_last_name,HFRI_department_ID) VALUES ( "7", "Ashley", "Owens", "6");
INSERT INTO HFRI_executives (executive_ID,executive_first_name,executive_last_name,HFRI_department_ID) VALUES ( "8", "Joseph", "Coleman", "9");
INSERT INTO HFRI_executives (executive_ID,executive_first_name,executive_last_name,HFRI_department_ID) VALUES ( "9", "Dana", "Mullins", "8");
INSERT INTO HFRI_executives (executive_ID,executive_first_name,executive_last_name,HFRI_department_ID) VALUES ( "10", "Emily", "Kelly", "9");
INSERT INTO HFRI_executives (executive_ID,executive_first_name,executive_last_name,HFRI_department_ID) VALUES ( "11", "Justin", "Torres", "4");
INSERT INTO HFRI_executives (executive_ID,executive_first_name,executive_last_name,HFRI_department_ID) VALUES ( "12", "Kristy", "Farley", "8");
INSERT INTO HFRI_executives (executive_ID,executive_first_name,executive_last_name,HFRI_department_ID) VALUES ( "13", "John", "Livingston", "4");
INSERT INTO HFRI_executives (executive_ID,executive_first_name,executive_last_name,HFRI_department_ID) VALUES ( "14", "Teresa", "Brown", "8");
INSERT INTO HFRI_executives (executive_ID,executive_first_name,executive_last_name,HFRI_department_ID) VALUES ( "15", "Nancy", "Andrade", "5");
INSERT INTO HFRI_executives (executive_ID,executive_first_name,executive_last_name,HFRI_department_ID) VALUES ( "16", "Kristi", "Alvarez", "5");
INSERT INTO HFRI_executives (executive_ID,executive_first_name,executive_last_name,HFRI_department_ID) VALUES ( "17", "Brenda", "Peck", "2");
INSERT INTO HFRI_executives (executive_ID,executive_first_name,executive_last_name,HFRI_department_ID) VALUES ( "18", "Jennifer", "Robinson", "9");
INSERT INTO HFRI_executives (executive_ID,executive_first_name,executive_last_name,HFRI_department_ID) VALUES ( "19", "Randy", "Johnson", "2");
INSERT INTO HFRI_executives (executive_ID,executive_first_name,executive_last_name,HFRI_department_ID) VALUES ( "20", "Kyle", "Davis", "5");






INSERT INTO organization_address (org_ID,street,st_number,ZIP_code,city) VALUES ( "1", "Campbell Extensions","2721", "93665", "Shelbyborough");
INSERT INTO organization_address (org_ID,street,st_number,ZIP_code,city) VALUES ( "2", "Laurie Radial","112", "10608", "North Rebecca");
INSERT INTO organization_address (org_ID,street,st_number,ZIP_code,city) VALUES ( "3", "Davis Hills","758", "67996", "Nathanshire");
INSERT INTO organization_address (org_ID,street,st_number,ZIP_code,city) VALUES ( "4", "Holt Cliff","97475", "69114", "Robinsonchester");
INSERT INTO organization_address (org_ID,street,st_number,ZIP_code,city) VALUES ( "5", "Clarence Via","36891", "65818", "East Lisaburgh");
INSERT INTO organization_address (org_ID,street,st_number,ZIP_code,city) VALUES ( "6", "Holland Locks","30345", "29254", "North Laurafort");
INSERT INTO organization_address (org_ID,street,st_number,ZIP_code,city) VALUES ( "7", "Brandi Turnpike","607", "64242", "Markmouth");
INSERT INTO organization_address (org_ID,street,st_number,ZIP_code,city) VALUES ( "8", "Kidd Track","16798", "25457", "Sanchezland");
INSERT INTO organization_address (org_ID,street,st_number,ZIP_code,city) VALUES ( "9", "Francis Loaf","83623", "29080", "West Sandra");
INSERT INTO organization_address (org_ID,street,st_number,ZIP_code,city) VALUES ( "10", "Caitlin Port","93655", "16495", "East Kenneth");
INSERT INTO organization_address (org_ID,street,st_number,ZIP_code,city) VALUES ( "11", "Adams Inlet","29458", "39313", "West Dianafurt");
INSERT INTO organization_address (org_ID,street,st_number,ZIP_code,city) VALUES ( "12", "Jose Drives","6921", "27330", "Karenport");
INSERT INTO organization_address (org_ID,street,st_number,ZIP_code,city) VALUES ( "13", "Wright Extensions","397", "70427", "Lake Mary");
INSERT INTO organization_address (org_ID,street,st_number,ZIP_code,city) VALUES ( "14", "Davis Row","0936", "00588", "South Justin");
INSERT INTO organization_address (org_ID,street,st_number,ZIP_code,city) VALUES ( "15", "Elizabeth Knoll","07003", "29194", "Armstrongshire");
INSERT INTO organization_address (org_ID,street,st_number,ZIP_code,city) VALUES ( "16", "Daniels Lodge","6616", "59310", "Sanchezview");
INSERT INTO organization_address (org_ID,street,st_number,ZIP_code,city) VALUES ( "17", "Banks River","400", "23194", "South Tiffany");
INSERT INTO organization_address (org_ID,street,st_number,ZIP_code,city) VALUES ( "18", "Stephanie Hills","82135", "01429", "Mariachester");
INSERT INTO organization_address (org_ID,street,st_number,ZIP_code,city) VALUES ( "19", "Oneill Pine","33325", "21443", "North Jessica");
INSERT INTO organization_address (org_ID,street,st_number,ZIP_code,city) VALUES ( "20", "Christopher Spring","20233", "96768", "Williamstown");
INSERT INTO organization_address (org_ID,street,st_number,ZIP_code,city) VALUES ( "21", "Foster Mission","470", "93885", "Jeffreymouth");
INSERT INTO organization_address (org_ID,street,st_number,ZIP_code,city) VALUES ( "22", "Brown Mount","44771", "27551", "Mccoyburgh");
INSERT INTO organization_address (org_ID,street,st_number,ZIP_code,city) VALUES ( "23", "Lopez Parkway","099", "88007", "Byrdmouth");
INSERT INTO organization_address (org_ID,street,st_number,ZIP_code,city) VALUES ( "24", "Keller Forges","31732", "48458", "Ryanland");
INSERT INTO organization_address (org_ID,street,st_number,ZIP_code,city) VALUES ( "25", "Miller Streets","36537", "87085", "Thomasshire");
INSERT INTO organization_address (org_ID,street,st_number,ZIP_code,city) VALUES ( "26", "Stephanie Divide","02852", "32516", "Davidburgh");
INSERT INTO organization_address (org_ID,street,st_number,ZIP_code,city) VALUES ( "27", "Daniels Mall","75573", "96476", "New Steven");
INSERT INTO organization_address (org_ID,street,st_number,ZIP_code,city) VALUES ( "28", "Walker Highway","204", "44902", "Nicoleshire");
INSERT INTO organization_address (org_ID,street,st_number,ZIP_code,city) VALUES ( "29", "Christopher Run","033", "66301", "West Nicole");
INSERT INTO organization_address (org_ID,street,st_number,ZIP_code,city) VALUES ( "30", "White Glen","179", "19440", "West Shelbyhaven");






INSERT INTO organization_telephone (org_ID,telephone) VALUES ( "1", "612.031.5556x20669");
INSERT INTO organization_telephone (org_ID,telephone) VALUES ( "2", "(768)733-9446x1871");
INSERT INTO organization_telephone (org_ID,telephone) VALUES ( "3", "767-956-3925x00985");
INSERT INTO organization_telephone (org_ID,telephone) VALUES ( "4", "+1-743-801-4284");
INSERT INTO organization_telephone (org_ID,telephone) VALUES ( "5", "865-315-9183x9554");
INSERT INTO organization_telephone (org_ID,telephone) VALUES ( "6", "458-830-2032");
INSERT INTO organization_telephone (org_ID,telephone) VALUES ( "7", "+1-083-062-6623x562");
INSERT INTO organization_telephone (org_ID,telephone) VALUES ( "8", "+1-613-811-4724x3931");
INSERT INTO organization_telephone (org_ID,telephone) VALUES ( "9", "227.511.1091");
INSERT INTO organization_telephone (org_ID,telephone) VALUES ( "10", "053-828-5319x89676");
INSERT INTO organization_telephone (org_ID,telephone) VALUES ( "11", "663-715-1408x9590");
INSERT INTO organization_telephone (org_ID,telephone) VALUES ( "12", "741.508.5663x59388");
INSERT INTO organization_telephone (org_ID,telephone) VALUES ( "13", "649-553-9709");
INSERT INTO organization_telephone (org_ID,telephone) VALUES ( "14", "001-506-913-9955x8094");
INSERT INTO organization_telephone (org_ID,telephone) VALUES ( "15", "(736)346-4547");
INSERT INTO organization_telephone (org_ID,telephone) VALUES ( "16", "(496)992-7059");
INSERT INTO organization_telephone (org_ID,telephone) VALUES ( "17", "+1-961-401-1320x34925");
INSERT INTO organization_telephone (org_ID,telephone) VALUES ( "18", "001-031-955-1672x128");
INSERT INTO organization_telephone (org_ID,telephone) VALUES ( "19", "001-310-345-8840x23654");
INSERT INTO organization_telephone (org_ID,telephone) VALUES ( "20", "3331024347");
INSERT INTO organization_telephone (org_ID,telephone) VALUES ( "21", "(736)744-8076x6576");
INSERT INTO organization_telephone (org_ID,telephone) VALUES ( "22", "165-995-2472x713");
INSERT INTO organization_telephone (org_ID,telephone) VALUES ( "23", "041-397-4250x4916");
INSERT INTO organization_telephone (org_ID,telephone) VALUES ( "24", "6184086187");
INSERT INTO organization_telephone (org_ID,telephone) VALUES ( "25", "+1-395-134-0019");
INSERT INTO organization_telephone (org_ID,telephone) VALUES ( "26", "197-680-1320");
INSERT INTO organization_telephone (org_ID,telephone) VALUES ( "27", "6889313169");
INSERT INTO organization_telephone (org_ID,telephone) VALUES ( "28", "205-024-0599x668");
INSERT INTO organization_telephone (org_ID,telephone) VALUES ( "29", "215.223.8873x52244");
INSERT INTO organization_telephone (org_ID,telephone) VALUES ( "30", "(884)332-1230x1993");
INSERT INTO organization_telephone (org_ID,telephone) VALUES ( "1", "(911)228-3146");
INSERT INTO organization_telephone (org_ID,telephone) VALUES ( "2", "266.087.2021");
INSERT INTO organization_telephone (org_ID,telephone) VALUES ( "8", "001-368-519-3140x48964");
INSERT INTO organization_telephone (org_ID,telephone) VALUES ( "18", "(612)461-6246");
INSERT INTO organization_telephone (org_ID,telephone) VALUES ( "6", "041.596.6332x0557");
INSERT INTO organization_telephone (org_ID,telephone) VALUES ( "28", "+1-335-522-7931");
INSERT INTO organization_telephone (org_ID,telephone) VALUES ( "2", "+1-139-179-9859x6930");
INSERT INTO organization_telephone (org_ID,telephone) VALUES ( "23", "+1-611-139-5470");
INSERT INTO organization_telephone (org_ID,telephone) VALUES ( "27", "068-873-1753x3979");
INSERT INTO organization_telephone (org_ID,telephone) VALUES ( "20", "642-019-6702x76153");
INSERT INTO organization_telephone (org_ID,telephone) VALUES ( "23", "876-715-6597x015");
INSERT INTO organization_telephone (org_ID,telephone) VALUES ( "18", "+1-958-644-8736x205");
INSERT INTO organization_telephone (org_ID,telephone) VALUES ( "26", "(068)185-6914");
INSERT INTO organization_telephone (org_ID,telephone) VALUES ( "17", "001-728-550-9839x73615");
INSERT INTO organization_telephone (org_ID,telephone) VALUES ( "18", "+1-616-548-5330x985");
INSERT INTO organization_telephone (org_ID,telephone) VALUES ( "19", "740.972.3560x636");
INSERT INTO organization_telephone (org_ID,telephone) VALUES ( "23", "407.288.6288");
INSERT INTO organization_telephone (org_ID,telephone) VALUES ( "19", "(543)204-0974x2608");
INSERT INTO organization_telephone (org_ID,telephone) VALUES ( "26", "001-320-651-7668");
INSERT INTO organization_telephone (org_ID,telephone) VALUES ( "14", "001-236-269-5348x33197");






INSERT INTO organizations (org_ID,org_name,org_acronym) VALUES ( "1", "Hicks LLC","HL");
INSERT INTO organizations (org_ID,org_name,org_acronym) VALUES ( "2", "Robertson and Sons","RAS");
INSERT INTO organizations (org_ID,org_name,org_acronym) VALUES ( "3", "Diaz LLC","DL");
INSERT INTO organizations (org_ID,org_name,org_acronym) VALUES ( "4", "Robertson-Moore","R");
INSERT INTO organizations (org_ID,org_name,org_acronym) VALUES ( "5", "Taylor-Vargas","T");
INSERT INTO organizations (org_ID,org_name,org_acronym) VALUES ( "6", "Gomez, Smith and Brown","GSAB");
INSERT INTO organizations (org_ID,org_name,org_acronym) VALUES ( "7", "Hayes, Valentine and Flores","HVAF");
INSERT INTO organizations (org_ID,org_name,org_acronym) VALUES ( "8", "Barton Group","BG");
INSERT INTO organizations (org_ID,org_name,org_acronym) VALUES ( "9", "Welch, Reed and Ward","WRAW");
INSERT INTO organizations (org_ID,org_name,org_acronym) VALUES ( "10", "Shelton, Wilson and Hogan","SWAH");
INSERT INTO organizations (org_ID,org_name,org_acronym) VALUES ( "11", "Williams PLC","WP");
INSERT INTO organizations (org_ID,org_name,org_acronym) VALUES ( "12", "English, Burns and Hoffman","EBAH");
INSERT INTO organizations (org_ID,org_name,org_acronym) VALUES ( "13", "Nelson-Flores","N");
INSERT INTO organizations (org_ID,org_name,org_acronym) VALUES ( "14", "Montoya, Adams and Huff","MAAH");
INSERT INTO organizations (org_ID,org_name,org_acronym) VALUES ( "15", "Rogers-Glover","R");
INSERT INTO organizations (org_ID,org_name,org_acronym) VALUES ( "16", "Howard and Sons","HAS");
INSERT INTO organizations (org_ID,org_name,org_acronym) VALUES ( "17", "Harris, Livingston and Johnson","HLAJ");
INSERT INTO organizations (org_ID,org_name,org_acronym) VALUES ( "18", "Fox-Finley","F");
INSERT INTO organizations (org_ID,org_name,org_acronym) VALUES ( "19", "Mccoy, Malone and Phillips","MMAP");
INSERT INTO organizations (org_ID,org_name,org_acronym) VALUES ( "20", "Jefferson-Houston","J");
INSERT INTO organizations (org_ID,org_name,org_acronym) VALUES ( "21", "Fischer-Horton","F");
INSERT INTO organizations (org_ID,org_name,org_acronym) VALUES ( "22", "Haley, Welch and Lopez","HWAL");
INSERT INTO organizations (org_ID,org_name,org_acronym) VALUES ( "23", "Lopez, King and Stewart","LKAS");
INSERT INTO organizations (org_ID,org_name,org_acronym) VALUES ( "24", "Deleon-Mendoza","D");
INSERT INTO organizations (org_ID,org_name,org_acronym) VALUES ( "25", "Ballard-Mathews","B");
INSERT INTO organizations (org_ID,org_name,org_acronym) VALUES ( "26", "Hardy-Carter","H");
INSERT INTO organizations (org_ID,org_name,org_acronym) VALUES ( "27", "Morris Inc","MI");
INSERT INTO organizations (org_ID,org_name,org_acronym) VALUES ( "28", "Sanford-Benton","S");
INSERT INTO organizations (org_ID,org_name,org_acronym) VALUES ( "29", "Oliver PLC","OP");
INSERT INTO organizations (org_ID,org_name,org_acronym) VALUES ( "30", "Davis, Mooney and Snyder","DMAS");







INSERT INTO projects (project_ID,project_title,project_starting_date,project_summary,project_due_date,supervisor_executive_ID,supervisor_researcher_ID,org_ID,capital,programme_ID) VALUES ("1", "tudies of B-delayed two-proton emission : The cases of 31Ar and 35Ca", "2021-04-18", "tudies of B-delayed two-proton emission : The cases of 31Ar and 35Ca", "2021-06-19", "9", "52", "27", "150000", "29");
INSERT INTO projects (project_ID,project_title,project_starting_date,project_summary,project_due_date,supervisor_executive_ID,supervisor_researcher_ID,org_ID,capital,programme_ID) VALUES ("2", "Artificial intelligence and computer science in education: From kindergarten to university", "2018-06-02", "Artificial intelligence and computer science in education: From kindergarten to university", "2021-09-04", "18", "43", "25", "800000", "23");
INSERT INTO projects (project_ID,project_title,project_starting_date,project_summary,project_due_date,supervisor_executive_ID,supervisor_researcher_ID,org_ID,capital,programme_ID) VALUES ("3", "Study of the effect of shell stabilization of the collective isovector valence-shell excitations along the N=80 isotonic chain	", "2018-11-09", "Study of the effect of shell stabilization of the collective isovector valence-shell excitations along the N=80 isotonic chain	", "2021-09-11", "20", "77", "2", "100000", "30");
INSERT INTO projects (project_ID,project_title,project_starting_date,project_summary,project_due_date,supervisor_executive_ID,supervisor_researcher_ID,org_ID,capital,programme_ID) VALUES ("4", "tudies of B-delayed two-proton emission : The cases of 31Ar and 35Ca", "2019-06-06", "tudies of B-delayed two-proton emission : The cases of 31Ar and 35Ca", "2022-02-05", "4", "48", "10", "400000", "21");
INSERT INTO projects (project_ID,project_title,project_starting_date,project_summary,project_due_date,supervisor_executive_ID,supervisor_researcher_ID,org_ID,capital,programme_ID) VALUES ("5", "Shape coexistence measurements in even-even neutron-deficient Polonium isotopes by Coulomb excitation, using REX-ISOLDE and the Ge MINIBALL array.", "2019-05-15", "Shape coexistence measurements in even-even neutron-deficient Polonium isotopes by Coulomb excitation, using REX-ISOLDE and the Ge MINIBALL array.", "2021-10-14", "6", "71", "21", "300000", "14");
INSERT INTO projects (project_ID,project_title,project_starting_date,project_summary,project_due_date,supervisor_executive_ID,supervisor_researcher_ID,org_ID,capital,programme_ID) VALUES ("6", "Shape coexistence measurements in even-even neutron-deficient Polonium isotopes by Coulomb excitation, using REX-ISOLDE and the Ge MINIBALL array.", "2018-08-16", "Shape coexistence measurements in even-even neutron-deficient Polonium isotopes by Coulomb excitation, using REX-ISOLDE and the Ge MINIBALL array.", "2021-07-06", "14", "76", "10", "700000", "13");
INSERT INTO projects (project_ID,project_title,project_starting_date,project_summary,project_due_date,supervisor_executive_ID,supervisor_researcher_ID,org_ID,capital,programme_ID) VALUES ("7", "Interactions of 16O Projectile and its Fragments in Nuclear Emulsion at about 60 and 200 GeV/nucleon", "2020-10-27", "Interactions of 16O Projectile and its Fragments in Nuclear Emulsion at about 60 and 200 GeV/nucleon", "2021-08-14", "16", "97", "26", "500000", "8");
INSERT INTO projects (project_ID,project_title,project_starting_date,project_summary,project_due_date,supervisor_executive_ID,supervisor_researcher_ID,org_ID,capital,programme_ID) VALUES ("8", "Metagenomic and Immunogenetic analysis in Multiple Sclerosis", "2021-07-02", "Metagenomic and Immunogenetic analysis in Multiple Sclerosis", "2021-08-02", "10", "2", "3", "750000", "4");
INSERT INTO projects (project_ID,project_title,project_starting_date,project_summary,project_due_date,supervisor_executive_ID,supervisor_researcher_ID,org_ID,capital,programme_ID) VALUES ("9", "Studies of Colossal Magnetoresistive Oxides with Radioactive Isotopes", "2021-09-10", "Studies of Colossal Magnetoresistive Oxides with Radioactive Isotopes", "2022-01-16", "5", "100", "18", "500000", "14");
INSERT INTO projects (project_ID,project_title,project_starting_date,project_summary,project_due_date,supervisor_executive_ID,supervisor_researcher_ID,org_ID,capital,programme_ID) VALUES ("10", "Beta-Decay Study of Neutron-Rich Tl, Pb, and Bi by means of the Pulsed-Release Technique and Resonant Laser Ionisation", "2017-08-07", "Beta-Decay Study of Neutron-Rich Tl, Pb, and Bi by means of the Pulsed-Release Technique and Resonant Laser Ionisation", "2021-07-18", "6", "49", "29", "900000", "10");
INSERT INTO projects (project_ID,project_title,project_starting_date,project_summary,project_due_date,supervisor_executive_ID,supervisor_researcher_ID,org_ID,capital,programme_ID) VALUES ("11", "Identification of novel, differentially edited RNA molecules involved in neurodegenerative disorders pathogenesis", "2021-08-03", "Identification of novel, differentially edited RNA molecules involved in neurodegenerative disorders pathogenesis", "2021-12-31", "18", "49", "12", "900000", "23");
INSERT INTO projects (project_ID,project_title,project_starting_date,project_summary,project_due_date,supervisor_executive_ID,supervisor_researcher_ID,org_ID,capital,programme_ID) VALUES ("12", "Mapping the boundaries of the seniority regime and collective motion: Coulomb excitation studies of N=122 isotones 206Po and 208Rn", "2021-06-30", "Mapping the boundaries of the seniority regime and collective motion: Coulomb excitation studies of N=122 isotones 206Po and 208Rn", "2022-03-05", "19", "52", "9", "150000", "3");
INSERT INTO projects (project_ID,project_title,project_starting_date,project_summary,project_due_date,supervisor_executive_ID,supervisor_researcher_ID,org_ID,capital,programme_ID) VALUES ("13", "Wavelets in biomedical engineering", "2020-02-20", "Wavelets in biomedical engineering", "2022-04-14", "3", "60", "22", "500000", "8");
INSERT INTO projects (project_ID,project_title,project_starting_date,project_summary,project_due_date,supervisor_executive_ID,supervisor_researcher_ID,org_ID,capital,programme_ID) VALUES ("14", "Interactions of 16O Projectile and its Fragments in Nuclear Emulsion at about 60 and 200 GeV/nucleon", "2021-12-07", "Interactions of 16O Projectile and its Fragments in Nuclear Emulsion at about 60 and 200 GeV/nucleon", "2021-09-07", "4", "43", "1", "300000", "1");
INSERT INTO projects (project_ID,project_title,project_starting_date,project_summary,project_due_date,supervisor_executive_ID,supervisor_researcher_ID,org_ID,capital,programme_ID) VALUES ("15", "Antihydrogen Production and Precision Experiments The ATHENA Collaboration", "2021-12-26", "Antihydrogen Production and Precision Experiments The ATHENA Collaboration", "2021-07-17", "20", "49", "18", "100000", "4");
INSERT INTO projects (project_ID,project_title,project_starting_date,project_summary,project_due_date,supervisor_executive_ID,supervisor_researcher_ID,org_ID,capital,programme_ID) VALUES ("16", "Charge radii of magnesium isotopes by laser spectroscopy: a structural study over the sd shell", "2021-01-25", "Charge radii of magnesium isotopes by laser spectroscopy: a structural study over the sd shell", "2022-04-24", "6", "21", "16", "200000", "2");
INSERT INTO projects (project_ID,project_title,project_starting_date,project_summary,project_due_date,supervisor_executive_ID,supervisor_researcher_ID,org_ID,capital,programme_ID) VALUES ("17", "Modified carbon nanostructures and related 2D nanomaterials with small organic and coordination molecules as sustainable electrocatalysts", "2022-03-18", "Modified carbon nanostructures and related 2D nanomaterials with small organic and coordination molecules as sustainable electrocatalysts", "2021-12-17", "11", "63", "20", "1000000", "7");
INSERT INTO projects (project_ID,project_title,project_starting_date,project_summary,project_due_date,supervisor_executive_ID,supervisor_researcher_ID,org_ID,capital,programme_ID) VALUES ("18", "Self-Diffusion of Carbon and Nitrogen in the Amorphous Ceramics Si26C36N36 and Related Materials", "2022-03-02", "Self-Diffusion of Carbon and Nitrogen in the Amorphous Ceramics Si26C36N36 and Related Materials", "2021-05-31", "17", "86", "1", "500000", "28");
INSERT INTO projects (project_ID,project_title,project_starting_date,project_summary,project_due_date,supervisor_executive_ID,supervisor_researcher_ID,org_ID,capital,programme_ID) VALUES ("19", "Bridging moleCular diAgnostics and metabolomicS in ventilator-aSsociated pneumonia", "2021-10-06", "Bridging moleCular diAgnostics and metabolomicS in ventilator-aSsociated pneumonia", "2021-07-17", "14", "27", "2", "500000", "22");
INSERT INTO projects (project_ID,project_title,project_starting_date,project_summary,project_due_date,supervisor_executive_ID,supervisor_researcher_ID,org_ID,capital,programme_ID) VALUES ("20", "Applications of conducting polymers and their issues in biomedical engineering", "2020-11-10", "Applications of conducting polymers and their issues in biomedical engineering", "2022-04-22", "15", "25", "17", "200000", "7");
INSERT INTO projects (project_ID,project_title,project_starting_date,project_summary,project_due_date,supervisor_executive_ID,supervisor_researcher_ID,org_ID,capital,programme_ID) VALUES ("21", "Origins Spectral Interpretation Resource Identification Security Regolith Explorer", "2017-10-09", "Origins Spectral Interpretation Resource Identification Security Regolith Explorer", "2021-08-25", "1", "39", "25", "100000", "26");
INSERT INTO projects (project_ID,project_title,project_starting_date,project_summary,project_due_date,supervisor_executive_ID,supervisor_researcher_ID,org_ID,capital,programme_ID) VALUES ("22", "Role of endothelial RhoA in cancer metastasis", "2022-03-22", "Role of endothelial RhoA in cancer metastasis", "2021-07-18", "10", "75", "6", "300000", "22");
INSERT INTO projects (project_ID,project_title,project_starting_date,project_summary,project_due_date,supervisor_executive_ID,supervisor_researcher_ID,org_ID,capital,programme_ID) VALUES ("23", "Type 2 Diabetes drives pulmonary and liver fibrosis through phospholipid and microbiota metabolism", "2019-02-21", "Type 2 Diabetes drives pulmonary and liver fibrosis through phospholipid and microbiota metabolism", "2022-05-07", "18", "46", "8", "900000", "23");
INSERT INTO projects (project_ID,project_title,project_starting_date,project_summary,project_due_date,supervisor_executive_ID,supervisor_researcher_ID,org_ID,capital,programme_ID) VALUES ("24", "Charge Breeding of Radioactive Ions in an Electron Cyclotron Resonance Ion Source(ECRIS) at ISOLDE", "2017-10-20", "Charge Breeding of Radioactive Ions in an Electron Cyclotron Resonance Ion Source(ECRIS) at ISOLDE", "2022-03-03", "16", "73", "27", "900000", "12");
INSERT INTO projects (project_ID,project_title,project_starting_date,project_summary,project_due_date,supervisor_executive_ID,supervisor_researcher_ID,org_ID,capital,programme_ID) VALUES ("25", "tudies of B-delayed two-proton emission : The cases of 31Ar and 35Ca", "2022-03-09", "tudies of B-delayed two-proton emission : The cases of 31Ar and 35Ca", "2021-07-03", "3", "12", "2", "500000", "27");
INSERT INTO projects (project_ID,project_title,project_starting_date,project_summary,project_due_date,supervisor_executive_ID,supervisor_researcher_ID,org_ID,capital,programme_ID) VALUES ("26", "Search for Physics Beyond the Standard Model via Positron Polarization Measurements with Polarized 17F", "2020-05-28", "Search for Physics Beyond the Standard Model via Positron Polarization Measurements with Polarized 17F", "2022-03-11", "20", "34", "22", "600000", "26");
INSERT INTO projects (project_ID,project_title,project_starting_date,project_summary,project_due_date,supervisor_executive_ID,supervisor_researcher_ID,org_ID,capital,programme_ID) VALUES ("27", "Novel Multiresonant Photonic Metasurfaces for Broadband Control of Light", "2019-06-18", "Novel Multiresonant Photonic Metasurfaces for Broadband Control of Light", "2022-05-03", "14", "63", "30", "1000000", "10");
INSERT INTO projects (project_ID,project_title,project_starting_date,project_summary,project_due_date,supervisor_executive_ID,supervisor_researcher_ID,org_ID,capital,programme_ID) VALUES ("28", "Search for Physics Beyond the Standard Model via Positron Polarization Measurements with Polarized 17F", "2017-07-24", "Search for Physics Beyond the Standard Model via Positron Polarization Measurements with Polarized 17F", "2021-09-28", "8", "50", "20", "800000", "30");
INSERT INTO projects (project_ID,project_title,project_starting_date,project_summary,project_due_date,supervisor_executive_ID,supervisor_researcher_ID,org_ID,capital,programme_ID) VALUES ("29", "Towards greater nitrogen use efficiency in agroecosystems", "2018-05-18", "Towards greater nitrogen use efficiency in agroecosystems", "2021-08-10", "11", "53", "7", "800000", "26");
INSERT INTO projects (project_ID,project_title,project_starting_date,project_summary,project_due_date,supervisor_executive_ID,supervisor_researcher_ID,org_ID,capital,programme_ID) VALUES ("30", "Antihydrogen Experiment Gravity Interferometry Spectroscopy", "2022-04-02", "Antihydrogen Experiment Gravity Interferometry Spectroscopy", "2022-02-16", "3", "8", "14", "400000", "1");
INSERT INTO projects (project_ID,project_title,project_starting_date,project_summary,project_due_date,supervisor_executive_ID,supervisor_researcher_ID,org_ID,capital,programme_ID) VALUES ("31", "Space Stochastic Gravitational Wave Hunt Employing LISA", "2022-02-08", "Space Stochastic Gravitational Wave Hunt Employing LISA", "2022-01-24", "12", "40", "22", "800000", "30");
INSERT INTO projects (project_ID,project_title,project_starting_date,project_summary,project_due_date,supervisor_executive_ID,supervisor_researcher_ID,org_ID,capital,programme_ID) VALUES ("32", "Vascular Inflammation ReDuction and perivascular fat Imaging by Computed Tomography", "2018-12-22", "Vascular Inflammation ReDuction and perivascular fat Imaging by Computed Tomography", "2021-07-03", "7", "38", "8", "400000", "29");
INSERT INTO projects (project_ID,project_title,project_starting_date,project_summary,project_due_date,supervisor_executive_ID,supervisor_researcher_ID,org_ID,capital,programme_ID) VALUES ("33", "Ground-state properties of K-isotopes from laser and beta-NMR spectroscopy", "2021-09-04", "Ground-state properties of K-isotopes from laser and beta-NMR spectroscopy", "2022-04-28", "9", "41", "2", "500000", "10");
INSERT INTO projects (project_ID,project_title,project_starting_date,project_summary,project_due_date,supervisor_executive_ID,supervisor_researcher_ID,org_ID,capital,programme_ID) VALUES ("34", "The Structure of the Heavy Calcium Isotpes and the Effective Interaction in the sd-fp Shell", "2019-03-01", "The Structure of the Heavy Calcium Isotpes and the Effective Interaction in the sd-fp Shell", "2021-12-19", "18", "37", "3", "600000", "21");
INSERT INTO projects (project_ID,project_title,project_starting_date,project_summary,project_due_date,supervisor_executive_ID,supervisor_researcher_ID,org_ID,capital,programme_ID) VALUES ("35", "FLAMmable GreecE: Increasing awareness and preparedness for extreme fire weather and behavior", "2017-07-24", "FLAMmable GreecE: Increasing awareness and preparedness for extreme fire weather and behavior", "2021-11-07", "15", "61", "26", "800000", "23");
INSERT INTO projects (project_ID,project_title,project_starting_date,project_summary,project_due_date,supervisor_executive_ID,supervisor_researcher_ID,org_ID,capital,programme_ID) VALUES ("36", "INteractions of Veterinary antibiotics with soil microorganisms: exploiting microbial degradation to avert Environmental contamination and ResisTance dispersal", "2019-03-03", "INteractions of Veterinary antibiotics with soil microorganisms: exploiting microbial degradation to avert Environmental contamination and ResisTance dispersal", "2022-02-07", "8", "27", "12", "300000", "12");
INSERT INTO projects (project_ID,project_title,project_starting_date,project_summary,project_due_date,supervisor_executive_ID,supervisor_researcher_ID,org_ID,capital,programme_ID) VALUES ("37", "215 Curculio elephas: novel tools for Integrated Pest Management (IPM) on chestnut trees", "2021-01-13", "215 Curculio elephas: novel tools for Integrated Pest Management (IPM) on chestnut trees", "2022-05-23", "15", "99", "16", "150000", "11");
INSERT INTO projects (project_ID,project_title,project_starting_date,project_summary,project_due_date,supervisor_executive_ID,supervisor_researcher_ID,org_ID,capital,programme_ID) VALUES ("38", "Laser Spectroscopy of Neutron Rich Bismuth Isotopes", "2022-03-10", "Laser Spectroscopy of Neutron Rich Bismuth Isotopes", "2022-03-15", "17", "13", "2", "400000", "22");
INSERT INTO projects (project_ID,project_title,project_starting_date,project_summary,project_due_date,supervisor_executive_ID,supervisor_researcher_ID,org_ID,capital,programme_ID) VALUES ("39", "Immunoglobulin Light Chains and amyloid fibrils induced cardiotoxicity. Amenability of the cardiac proteasome activity", "2017-06-06", "Immunoglobulin Light Chains and amyloid fibrils induced cardiotoxicity. Amenability of the cardiac proteasome activity", "2021-08-13", "8", "19", "25", "500000", "4");
INSERT INTO projects (project_ID,project_title,project_starting_date,project_summary,project_due_date,supervisor_executive_ID,supervisor_researcher_ID,org_ID,capital,programme_ID) VALUES ("40", "Towards greater nitrogen use efficiency in agroecosystems", "2019-07-26", "Towards greater nitrogen use efficiency in agroecosystems", "2021-08-31", "19", "40", "30", "200000", "23");
INSERT INTO projects (project_ID,project_title,project_starting_date,project_summary,project_due_date,supervisor_executive_ID,supervisor_researcher_ID,org_ID,capital,programme_ID) VALUES ("41", "Untying the Gordian Knot of the regulation of Type III Secretion Systems from economically important pathogens", "2021-01-26", "Untying the Gordian Knot of the regulation of Type III Secretion Systems from economically important pathogens", "2022-03-18", "5", "85", "17", "400000", "28");
INSERT INTO projects (project_ID,project_title,project_starting_date,project_summary,project_due_date,supervisor_executive_ID,supervisor_researcher_ID,org_ID,capital,programme_ID) VALUES ("42", "31Si Self-Diffusion in Si-Ge Alloys and Si-(B-)C-N Ceramics and Diffusion Studies for Al and Si Beam Developments", "2020-02-02", "31Si Self-Diffusion in Si-Ge Alloys and Si-(B-)C-N Ceramics and Diffusion Studies for Al and Si Beam Developments", "2021-10-31", "19", "12", "3", "1000000", "9");
INSERT INTO projects (project_ID,project_title,project_starting_date,project_summary,project_due_date,supervisor_executive_ID,supervisor_researcher_ID,org_ID,capital,programme_ID) VALUES ("43", "Applications of conducting polymers and their issues in biomedical engineering", "2020-11-01", "Applications of conducting polymers and their issues in biomedical engineering", "2021-06-15", "10", "75", "2", "800000", "2");
INSERT INTO projects (project_ID,project_title,project_starting_date,project_summary,project_due_date,supervisor_executive_ID,supervisor_researcher_ID,org_ID,capital,programme_ID) VALUES ("44", "Fluid-Induced Seismicity mechanisms: Stochastic modelling, seismic anisotropy and beyond", "2021-01-02", "Fluid-Induced Seismicity mechanisms: Stochastic modelling, seismic anisotropy and beyond", "2022-05-23", "5", "6", "30", "500000", "11");
INSERT INTO projects (project_ID,project_title,project_starting_date,project_summary,project_due_date,supervisor_executive_ID,supervisor_researcher_ID,org_ID,capital,programme_ID) VALUES ("45", "Advanced Metallomics Analysis in Fish for Improved Assessment", "2021-11-02", "Advanced Metallomics Analysis in Fish for Improved Assessment", "2021-06-08", "2", "63", "10", "700000", "23");
INSERT INTO projects (project_ID,project_title,project_starting_date,project_summary,project_due_date,supervisor_executive_ID,supervisor_researcher_ID,org_ID,capital,programme_ID) VALUES ("46", "Relative Biological Effectiveness and Peripheral Damage of Antiproton Annihilation", "2017-06-23", "Relative Biological Effectiveness and Peripheral Damage of Antiproton Annihilation", "2021-08-15", "12", "19", "26", "500000", "20");
INSERT INTO projects (project_ID,project_title,project_starting_date,project_summary,project_due_date,supervisor_executive_ID,supervisor_researcher_ID,org_ID,capital,programme_ID) VALUES ("47", "Diversity, phylogeny and chemical characterization of Tuber species from Greece / Establishment of fungal inocula to foster truffle cultivation on native plants", "2021-07-07", "Diversity, phylogeny and chemical characterization of Tuber species from Greece / Establishment of fungal inocula to foster truffle cultivation on native plants", "2022-04-15", "13", "66", "22", "600000", "15");
INSERT INTO projects (project_ID,project_title,project_starting_date,project_summary,project_due_date,supervisor_executive_ID,supervisor_researcher_ID,org_ID,capital,programme_ID) VALUES ("48", "Measurement of Moments and Radii of Light Nuclei by Collinear Fast-Beam Laser Spectroscopy and Beta-NMR Spectroscopy", "2022-02-19", "Measurement of Moments and Radii of Light Nuclei by Collinear Fast-Beam Laser Spectroscopy and Beta-NMR Spectroscopy", "2021-10-19", "17", "4", "5", "800000", "27");
INSERT INTO projects (project_ID,project_title,project_starting_date,project_summary,project_due_date,supervisor_executive_ID,supervisor_researcher_ID,org_ID,capital,programme_ID) VALUES ("49", "FLAMmable GreecE: Increasing awareness and preparedness for extreme fire weather and behavior", "2020-06-22", "FLAMmable GreecE: Increasing awareness and preparedness for extreme fire weather and behavior", "2022-05-25", "12", "76", "13", "200000", "1");
INSERT INTO projects (project_ID,project_title,project_starting_date,project_summary,project_due_date,supervisor_executive_ID,supervisor_researcher_ID,org_ID,capital,programme_ID) VALUES ("50", "215 Curculio elephas: novel tools for Integrated Pest Management (IPM) on chestnut trees", "2018-02-19", "215 Curculio elephas: novel tools for Integrated Pest Management (IPM) on chestnut trees", "2021-11-27", "15", "61", "23", "500000", "3");
INSERT INTO projects (project_ID,project_title,project_starting_date,project_summary,project_due_date,supervisor_executive_ID,supervisor_researcher_ID,org_ID,capital,programme_ID) VALUES ("51", "DNA Damage & Metabolism in Progeria and Natural Aging", "2020-10-23", "DNA Damage & Metabolism in Progeria and Natural Aging", "2022-06-19", "4", "33", "19", "400000", "1");
INSERT INTO projects (project_ID,project_title,project_starting_date,project_summary,project_due_date,supervisor_executive_ID,supervisor_researcher_ID,org_ID,capital,programme_ID) VALUES ("52", "An Energy Upgrade of REX-ISOLDE to 3.1 MeV/u and Acceleration of Heavier Masses up to A=150.", "2021-09-08", "An Energy Upgrade of REX-ISOLDE to 3.1 MeV/u and Acceleration of Heavier Masses up to A=150.", "2022-06-24", "11", "38", "3", "400000", "25");
INSERT INTO projects (project_ID,project_title,project_starting_date,project_summary,project_due_date,supervisor_executive_ID,supervisor_researcher_ID,org_ID,capital,programme_ID) VALUES ("53", "Nuclear moments, spins and charge radii of copper isotopes from N=28 to N=50 by collinear fast-beam laser spectroscopy", "2018-04-19", "Nuclear moments, spins and charge radii of copper isotopes from N=28 to N=50 by collinear fast-beam laser spectroscopy", "2022-06-19", "5", "62", "1", "100000", "3");
INSERT INTO projects (project_ID,project_title,project_starting_date,project_summary,project_due_date,supervisor_executive_ID,supervisor_researcher_ID,org_ID,capital,programme_ID) VALUES ("54", "Wavelets in biomedical engineering", "2018-02-23", "Wavelets in biomedical engineering", "2022-06-02", "1", "20", "5", "100000", "7");
INSERT INTO projects (project_ID,project_title,project_starting_date,project_summary,project_due_date,supervisor_executive_ID,supervisor_researcher_ID,org_ID,capital,programme_ID) VALUES ("55", "DNA Damage & Metabolism in Progeria and Natural Aging", "2021-10-01", "DNA Damage & Metabolism in Progeria and Natural Aging", "2022-06-17", "12", "100", "13", "500000", "15");
INSERT INTO projects (project_ID,project_title,project_starting_date,project_summary,project_due_date,supervisor_executive_ID,supervisor_researcher_ID,org_ID,capital,programme_ID) VALUES ("56", "Fluid-Induced Seismicity mechanisms: Stochastic modelling, seismic anisotropy and beyond", "2021-05-10", "Fluid-Induced Seismicity mechanisms: Stochastic modelling, seismic anisotropy and beyond", "2022-06-01", "4", "68", "19", "1000000", "23");
INSERT INTO projects (project_ID,project_title,project_starting_date,project_summary,project_due_date,supervisor_executive_ID,supervisor_researcher_ID,org_ID,capital,programme_ID) VALUES ("57", "Deciphering the multimessenger signals from Gravitational wave events that include Neutron stars", "2018-10-24", "Deciphering the multimessenger signals from Gravitational wave events that include Neutron stars", "2022-06-17", "17", "78", "3", "100000", "7");
INSERT INTO projects (project_ID,project_title,project_starting_date,project_summary,project_due_date,supervisor_executive_ID,supervisor_researcher_ID,org_ID,capital,programme_ID) VALUES ("58", "31Si Self-Diffusion in Si-Ge Alloys and Si-(B-)C-N Ceramics and Diffusion Studies for Al and Si Beam Developments", "2018-01-25", "31Si Self-Diffusion in Si-Ge Alloys and Si-(B-)C-N Ceramics and Diffusion Studies for Al and Si Beam Developments", "2022-06-24", "1", "49", "28", "100000", "22");
INSERT INTO projects (project_ID,project_title,project_starting_date,project_summary,project_due_date,supervisor_executive_ID,supervisor_researcher_ID,org_ID,capital,programme_ID) VALUES ("59", "SystEms Biology Modelling of Key LIFe History Traits for Sustainable Aquaculture Production in the Mediterranean Region", "2021-08-28", "SystEms Biology Modelling of Key LIFe History Traits for Sustainable Aquaculture Production in the Mediterranean Region", "2022-06-26", "8", "5", "11", "150000", "1");
INSERT INTO projects (project_ID,project_title,project_starting_date,project_summary,project_due_date,supervisor_executive_ID,supervisor_researcher_ID,org_ID,capital,programme_ID) VALUES ("60", "Type 2 Diabetes drives pulmonary and liver fibrosis through phospholipid and microbiota metabolism", "2021-09-29", "Type 2 Diabetes drives pulmonary and liver fibrosis through phospholipid and microbiota metabolism", "2022-06-09", "4", "34", "16", "400000", "28");
INSERT INTO projects (project_ID,project_title,project_starting_date,project_summary,project_due_date,supervisor_executive_ID,supervisor_researcher_ID,org_ID,capital,programme_ID) VALUES ("61", "Charge radii of magnesium isotopes by laser spectroscopy: a structural study over the sd shell", "2020-09-30", "Charge radii of magnesium isotopes by laser spectroscopy: a structural study over the sd shell", "2022-06-08", "13", "37", "21", "200000", "17");
INSERT INTO projects (project_ID,project_title,project_starting_date,project_summary,project_due_date,supervisor_executive_ID,supervisor_researcher_ID,org_ID,capital,programme_ID) VALUES ("62", "MISTRAL: Mass measurements at ISolde with a Transmission RAdiofrequency spectrometer on-Line", "2021-11-27", "MISTRAL: Mass measurements at ISolde with a Transmission RAdiofrequency spectrometer on-Line", "2022-06-23", "13", "71", "27", "500000", "12");
INSERT INTO projects (project_ID,project_title,project_starting_date,project_summary,project_due_date,supervisor_executive_ID,supervisor_researcher_ID,org_ID,capital,programme_ID) VALUES ("63", "Reconstructing a human skeleton: Sorting human skeletal elements from mass disasters", "2019-01-09", "Reconstructing a human skeleton: Sorting human skeletal elements from mass disasters", "2022-06-10", "13", "84", "30", "500000", "20");
INSERT INTO projects (project_ID,project_title,project_starting_date,project_summary,project_due_date,supervisor_executive_ID,supervisor_researcher_ID,org_ID,capital,programme_ID) VALUES ("64", "Space Stochastic Gravitational Wave Hunt Employing LISA", "2021-11-13", "Space Stochastic Gravitational Wave Hunt Employing LISA", "2022-05-30", "13", "38", "22", "1000000", "3");
INSERT INTO projects (project_ID,project_title,project_starting_date,project_summary,project_due_date,supervisor_executive_ID,supervisor_researcher_ID,org_ID,capital,programme_ID) VALUES ("65", "Origins Spectral Interpretation Resource Identification Security Regolith Explorer", "2020-05-15", "Origins Spectral Interpretation Resource Identification Security Regolith Explorer", "2022-06-26", "17", "99", "12", "500000", "29");
INSERT INTO projects (project_ID,project_title,project_starting_date,project_summary,project_due_date,supervisor_executive_ID,supervisor_researcher_ID,org_ID,capital,programme_ID) VALUES ("66", "Mn and Fe Impurities in Si 1-x Ge x alloys", "2020-12-14", "Mn and Fe Impurities in Si 1-x Ge x alloys", "2022-06-01", "7", "21", "6", "700000", "2");
INSERT INTO projects (project_ID,project_title,project_starting_date,project_summary,project_due_date,supervisor_executive_ID,supervisor_researcher_ID,org_ID,capital,programme_ID) VALUES ("67", "The Structure of the Heavy Calcium Isotpes and the Effective Interaction in the sd-fp Shell", "2021-09-19", "The Structure of the Heavy Calcium Isotpes and the Effective Interaction in the sd-fp Shell", "2022-06-22", "12", "52", "18", "150000", "19");
INSERT INTO projects (project_ID,project_title,project_starting_date,project_summary,project_due_date,supervisor_executive_ID,supervisor_researcher_ID,org_ID,capital,programme_ID) VALUES ("68", "Exploring Halo Effects in the Scattering of 11Be on Heavy Targets at REX-ISOLDE", "2017-10-24", "Exploring Halo Effects in the Scattering of 11Be on Heavy Targets at REX-ISOLDE", "2022-05-31", "5", "53", "15", "700000", "3");
INSERT INTO projects (project_ID,project_title,project_starting_date,project_summary,project_due_date,supervisor_executive_ID,supervisor_researcher_ID,org_ID,capital,programme_ID) VALUES ("69", "Ultrasonically activated nanomedicines for targeted therapy of pancreatic cancer", "2020-11-07", "Ultrasonically activated nanomedicines for targeted therapy of pancreatic cancer", "2022-06-12", "20", "69", "11", "900000", "7");
INSERT INTO projects (project_ID,project_title,project_starting_date,project_summary,project_due_date,supervisor_executive_ID,supervisor_researcher_ID,org_ID,capital,programme_ID) VALUES ("70", "Interactions of 16O Projectile and its Fragments in Nuclear Emulsion at about 60 and 200 GeV/nucleon", "2019-05-09", "Interactions of 16O Projectile and its Fragments in Nuclear Emulsion at about 60 and 200 GeV/nucleon", "2022-06-03", "6", "76", "26", "500000", "28");
INSERT INTO projects (project_ID,project_title,project_starting_date,project_summary,project_due_date,supervisor_executive_ID,supervisor_researcher_ID,org_ID,capital,programme_ID) VALUES ("71", "Artificial Macrocycles: (R)evolution of Drug Discovery", "2021-07-21", "Artificial Macrocycles: (R)evolution of Drug Discovery", "2022-06-01", "2", "69", "21", "500000", "1");
INSERT INTO projects (project_ID,project_title,project_starting_date,project_summary,project_due_date,supervisor_executive_ID,supervisor_researcher_ID,org_ID,capital,programme_ID) VALUES ("72", "Thermosphere Ionosphere Mesosphere Energetics and Dynamics", "2020-01-22", "Thermosphere Ionosphere Mesosphere Energetics and Dynamics", "2022-06-24", "13", "98", "3", "150000", "20");
INSERT INTO projects (project_ID,project_title,project_starting_date,project_summary,project_due_date,supervisor_executive_ID,supervisor_researcher_ID,org_ID,capital,programme_ID) VALUES ("73", "Exploration Ground Systems", "2021-05-18", "Exploration Ground Systems", "2022-06-16", "7", "89", "19", "500000", "12");
INSERT INTO projects (project_ID,project_title,project_starting_date,project_summary,project_due_date,supervisor_executive_ID,supervisor_researcher_ID,org_ID,capital,programme_ID) VALUES ("74", "EndotyPIng PreHospitAl de Novo acute hYpoxemic respiratory failure", "2017-10-05", "EndotyPIng PreHospitAl de Novo acute hYpoxemic respiratory failure", "2022-05-31", "8", "40", "30", "400000", "30");
INSERT INTO projects (project_ID,project_title,project_starting_date,project_summary,project_due_date,supervisor_executive_ID,supervisor_researcher_ID,org_ID,capital,programme_ID) VALUES ("75", "Doping Properties of Ferromagnetic Semiconductors Investigated by the Hyperfine Interaction of Implanted Radioisotopes", "2021-02-21", "Doping Properties of Ferromagnetic Semiconductors Investigated by the Hyperfine Interaction of Implanted Radioisotopes", "2022-06-17", "6", "11", "12", "800000", "18");
INSERT INTO projects (project_ID,project_title,project_starting_date,project_summary,project_due_date,supervisor_executive_ID,supervisor_researcher_ID,org_ID,capital,programme_ID) VALUES ("76", "Study of the effect of shell stabilization of the collective isovector valence-shell excitations along the N=80 isotonic chain	", "2019-01-22", "Study of the effect of shell stabilization of the collective isovector valence-shell excitations along the N=80 isotonic chain	", "2022-06-14", "6", "23", "5", "900000", "16");
INSERT INTO projects (project_ID,project_title,project_starting_date,project_summary,project_due_date,supervisor_executive_ID,supervisor_researcher_ID,org_ID,capital,programme_ID) VALUES ("77", "Beta-Decay Study of Neutron-Rich Tl, Pb, and Bi by means of the Pulsed-Release Technique and Resonant Laser Ionisation", "2018-01-16", "Beta-Decay Study of Neutron-Rich Tl, Pb, and Bi by means of the Pulsed-Release Technique and Resonant Laser Ionisation", "2022-06-16", "1", "81", "16", "400000", "9");
INSERT INTO projects (project_ID,project_title,project_starting_date,project_summary,project_due_date,supervisor_executive_ID,supervisor_researcher_ID,org_ID,capital,programme_ID) VALUES ("78", "Obtaining Empirical Validation of Shapecoexistence in the Mass 70 Region: Coulomb Excitation of a Radioactive Beam of 70Se", "2018-02-13", "Obtaining Empirical Validation of Shapecoexistence in the Mass 70 Region: Coulomb Excitation of a Radioactive Beam of 70Se", "2022-06-05", "17", "6", "21", "400000", "25");
INSERT INTO projects (project_ID,project_title,project_starting_date,project_summary,project_due_date,supervisor_executive_ID,supervisor_researcher_ID,org_ID,capital,programme_ID) VALUES ("79", "Relative Biological Effectiveness and Peripheral Damage of Antiproton Annihilation", "2017-12-01", "Relative Biological Effectiveness and Peripheral Damage of Antiproton Annihilation", "2022-06-07", "10", "68", "1", "100000", "28");
INSERT INTO projects (project_ID,project_title,project_starting_date,project_summary,project_due_date,supervisor_executive_ID,supervisor_researcher_ID,org_ID,capital,programme_ID) VALUES ("80", "INteractions of Veterinary antibiotics with soil microorganisms: exploiting microbial degradation to avert Environmental contamination and ResisTance dispersal", "2020-01-10", "INteractions of Veterinary antibiotics with soil microorganisms: exploiting microbial degradation to avert Environmental contamination and ResisTance dispersal", "2022-06-25", "9", "6", "25", "400000", "7");
INSERT INTO projects (project_ID,project_title,project_starting_date,project_summary,project_due_date,supervisor_executive_ID,supervisor_researcher_ID,org_ID,capital,programme_ID) VALUES ("81", "Joint Polar Satellite System-2", "2021-02-10", "Joint Polar Satellite System-2", "2022-06-11", "16", "10", "27", "600000", "10");
INSERT INTO projects (project_ID,project_title,project_starting_date,project_summary,project_due_date,supervisor_executive_ID,supervisor_researcher_ID,org_ID,capital,programme_ID) VALUES ("82", "Cold Antihydrogen for Precise Laser Spectroscopy", "2020-01-05", "Cold Antihydrogen for Precise Laser Spectroscopy", "2022-06-09", "1", "52", "20", "150000", "21");
INSERT INTO projects (project_ID,project_title,project_starting_date,project_summary,project_due_date,supervisor_executive_ID,supervisor_researcher_ID,org_ID,capital,programme_ID) VALUES ("83", "Investigation of astrophysically relevant neutron-rich argon nuclei", "2019-11-22", "Investigation of astrophysically relevant neutron-rich argon nuclei", "2022-06-13", "17", "3", "26", "900000", "23");
INSERT INTO projects (project_ID,project_title,project_starting_date,project_summary,project_due_date,supervisor_executive_ID,supervisor_researcher_ID,org_ID,capital,programme_ID) VALUES ("84", "Shape Effects along the Z=82 line: study of the beta decay of 188,190,192Pb using total Absorption Spectroscopy", "2019-10-02", "Shape Effects along the Z=82 line: study of the beta decay of 188,190,192Pb using total Absorption Spectroscopy", "2022-06-25", "1", "26", "3", "1000000", "2");
INSERT INTO projects (project_ID,project_title,project_starting_date,project_summary,project_due_date,supervisor_executive_ID,supervisor_researcher_ID,org_ID,capital,programme_ID) VALUES ("85", "Pump-probe Reflectivity Studies of Ultrashort Laserinduced Acoustic Strains in Layered Materials", "2019-07-13", "Pump-probe Reflectivity Studies of Ultrashort Laserinduced Acoustic Strains in Layered Materials", "2022-06-11", "20", "44", "29", "700000", "17");
INSERT INTO projects (project_ID,project_title,project_starting_date,project_summary,project_due_date,supervisor_executive_ID,supervisor_researcher_ID,org_ID,capital,programme_ID) VALUES ("86", "Antihydrogen Production and Precision Experiments The ATHENA Collaboration", "2019-10-13", "Antihydrogen Production and Precision Experiments The ATHENA Collaboration", "2022-06-04", "8", "98", "30", "700000", "27");
INSERT INTO projects (project_ID,project_title,project_starting_date,project_summary,project_due_date,supervisor_executive_ID,supervisor_researcher_ID,org_ID,capital,programme_ID) VALUES ("87", "Towards greater nitrogen use efficiency in agroecosystems", "2018-10-18", "Towards greater nitrogen use efficiency in agroecosystems", "2022-06-04", "11", "48", "8", "700000", "24");
INSERT INTO projects (project_ID,project_title,project_starting_date,project_summary,project_due_date,supervisor_executive_ID,supervisor_researcher_ID,org_ID,capital,programme_ID) VALUES ("88", "Applications of conducting polymers and their issues in biomedical engineering", "2017-12-21", "Applications of conducting polymers and their issues in biomedical engineering", "2022-05-31", "1", "31", "4", "300000", "24");
INSERT INTO projects (project_ID,project_title,project_starting_date,project_summary,project_due_date,supervisor_executive_ID,supervisor_researcher_ID,org_ID,capital,programme_ID) VALUES ("89", "Cislunar Autonomous Positioning System Technology Operations and Navigation Experiment (CAPSTONE)", "2019-11-01", "Cislunar Autonomous Positioning System Technology Operations and Navigation Experiment (CAPSTONE)", "2022-06-19", "19", "1", "7", "700000", "29");
INSERT INTO projects (project_ID,project_title,project_starting_date,project_summary,project_due_date,supervisor_executive_ID,supervisor_researcher_ID,org_ID,capital,programme_ID) VALUES ("90", "Investigating mechanisms that prevent chromatin bridges from breaking in cytokinesis", "2019-10-08", "Investigating mechanisms that prevent chromatin bridges from breaking in cytokinesis", "2022-06-07", "12", "67", "5", "800000", "3");
INSERT INTO projects (project_ID,project_title,project_starting_date,project_summary,project_due_date,supervisor_executive_ID,supervisor_researcher_ID,org_ID,capital,programme_ID) VALUES ("91", "Comb.Electrical, Optical and Nuclear Inv.of Impurities & Defects in II-VI Semic.", "2018-10-21", "Comb.Electrical, Optical and Nuclear Inv.of Impurities & Defects in II-VI Semic.", "2022-06-07", "13", "70", "25", "600000", "16");
INSERT INTO projects (project_ID,project_title,project_starting_date,project_summary,project_due_date,supervisor_executive_ID,supervisor_researcher_ID,org_ID,capital,programme_ID) VALUES ("92", "Doping Properties of Ferromagnetic Semiconductors Investigated by the Hyperfine Interaction of Implanted Radioisotopes", "2019-09-03", "Doping Properties of Ferromagnetic Semiconductors Investigated by the Hyperfine Interaction of Implanted Radioisotopes", "2022-06-17", "6", "15", "29", "700000", "2");
INSERT INTO projects (project_ID,project_title,project_starting_date,project_summary,project_due_date,supervisor_executive_ID,supervisor_researcher_ID,org_ID,capital,programme_ID) VALUES ("93", "Laser Spectroscopy of Neutron Rich Bismuth Isotopes", "2022-04-18", "Laser Spectroscopy of Neutron Rich Bismuth Isotopes", "2022-06-01", "19", "12", "30", "1000000", "25");
INSERT INTO projects (project_ID,project_title,project_starting_date,project_summary,project_due_date,supervisor_executive_ID,supervisor_researcher_ID,org_ID,capital,programme_ID) VALUES ("94", "Mossbauer Studies of dilute Magnetic Semiconductors", "2019-09-24", "Mossbauer Studies of dilute Magnetic Semiconductors", "2022-05-30", "19", "10", "6", "500000", "10");
INSERT INTO projects (project_ID,project_title,project_starting_date,project_summary,project_due_date,supervisor_executive_ID,supervisor_researcher_ID,org_ID,capital,programme_ID) VALUES ("95", "Diffusive, Structural, Optical, and Electrical Properties of Defects in Semiconductors", "2021-10-05", "Diffusive, Structural, Optical, and Electrical Properties of Defects in Semiconductors", "2022-05-29", "13", "69", "28", "500000", "1");
INSERT INTO projects (project_ID,project_title,project_starting_date,project_summary,project_due_date,supervisor_executive_ID,supervisor_researcher_ID,org_ID,capital,programme_ID) VALUES ("96", "Artificial intelligence and computer science in education: From kindergarten to university", "2021-06-29", "Artificial intelligence and computer science in education: From kindergarten to university", "2022-06-22", "7", "36", "24", "100000", "22");
INSERT INTO projects (project_ID,project_title,project_starting_date,project_summary,project_due_date,supervisor_executive_ID,supervisor_researcher_ID,org_ID,capital,programme_ID) VALUES ("97", "Fluid-Induced Seismicity mechanisms: Stochastic modelling, seismic anisotropy and beyond", "2021-07-04", "Fluid-Induced Seismicity mechanisms: Stochastic modelling, seismic anisotropy and beyond", "2022-06-23", "17", "33", "28", "750000", "14");
INSERT INTO projects (project_ID,project_title,project_starting_date,project_summary,project_due_date,supervisor_executive_ID,supervisor_researcher_ID,org_ID,capital,programme_ID) VALUES ("98", "tudies of B-delayed two-proton emission : The cases of 31Ar and 35Ca", "2019-04-02", "tudies of B-delayed two-proton emission : The cases of 31Ar and 35Ca", "2022-06-18", "8", "93", "13", "300000", "10");
INSERT INTO projects (project_ID,project_title,project_starting_date,project_summary,project_due_date,supervisor_executive_ID,supervisor_researcher_ID,org_ID,capital,programme_ID) VALUES ("99", "Antihydrogen Experiment Gravity Interferometry Spectroscopy", "2020-05-13", "Antihydrogen Experiment Gravity Interferometry Spectroscopy", "2022-06-25", "9", "15", "18", "600000", "22");
INSERT INTO projects (project_ID,project_title,project_starting_date,project_summary,project_due_date,supervisor_executive_ID,supervisor_researcher_ID,org_ID,capital,programme_ID) VALUES ("100", "Shape Effects along the Z=82 line: study of the beta decay of 188,190,192Pb using total Absorption Spectroscopy", "2019-11-16", "Shape Effects along the Z=82 line: study of the beta decay of 188,190,192Pb using total Absorption Spectroscopy", "2022-06-24", "18", "68", "30", "600000", "25");
INSERT INTO projects (project_ID,project_title,project_starting_date,project_summary,project_due_date,supervisor_executive_ID,supervisor_researcher_ID,org_ID,capital,programme_ID) VALUES ("101", "MISTRAL: Mass measurements at ISolde with a Transmission RAdiofrequency spectrometer on-Line", "2021-11-20", "MISTRAL: Mass measurements at ISolde with a Transmission RAdiofrequency spectrometer on-Line", "2022-06-26", "16", "43", "14", "300000", "12");
INSERT INTO projects (project_ID,project_title,project_starting_date,project_summary,project_due_date,supervisor_executive_ID,supervisor_researcher_ID,org_ID,capital,programme_ID) VALUES ("102", "Coulomb excitation of neutron-rich28,29,30Na nuclei with MINIBALL at REX-ISOLDE: Mapping the borders of the island of inversion", "2019-07-19", "Coulomb excitation of neutron-rich28,29,30Na nuclei with MINIBALL at REX-ISOLDE: Mapping the borders of the island of inversion", "2022-06-14", "3", "26", "29", "900000", "15");
INSERT INTO projects (project_ID,project_title,project_starting_date,project_summary,project_due_date,supervisor_executive_ID,supervisor_researcher_ID,org_ID,capital,programme_ID) VALUES ("103", "Antihydrogen Production and Precision Experiments The ATHENA Collaboration", "2020-07-31", "Antihydrogen Production and Precision Experiments The ATHENA Collaboration", "2022-06-16", "20", "94", "18", "500000", "24");
INSERT INTO projects (project_ID,project_title,project_starting_date,project_summary,project_due_date,supervisor_executive_ID,supervisor_researcher_ID,org_ID,capital,programme_ID) VALUES ("104", "Wavelets in biomedical engineering", "2018-06-14", "Wavelets in biomedical engineering", "2022-06-08", "12", "19", "1", "750000", "1");
INSERT INTO projects (project_ID,project_title,project_starting_date,project_summary,project_due_date,supervisor_executive_ID,supervisor_researcher_ID,org_ID,capital,programme_ID) VALUES ("105", "Investigating mechanisms that prevent chromatin bridges from breaking in cytokinesis", "2022-01-16", "Investigating mechanisms that prevent chromatin bridges from breaking in cytokinesis", "2022-06-24", "19", "88", "9", "1000000", "4");
INSERT INTO projects (project_ID,project_title,project_starting_date,project_summary,project_due_date,supervisor_executive_ID,supervisor_researcher_ID,org_ID,capital,programme_ID) VALUES ("106", "Mossbauer Studies of dilute Magnetic Semiconductors", "2021-10-21", "Mossbauer Studies of dilute Magnetic Semiconductors", "2022-06-22", "10", "42", "14", "600000", "27");
INSERT INTO projects (project_ID,project_title,project_starting_date,project_summary,project_due_date,supervisor_executive_ID,supervisor_researcher_ID,org_ID,capital,programme_ID) VALUES ("107", "Pump-probe Reflectivity Studies of Ultrashort Laserinduced Acoustic Strains in Layered Materials", "2021-03-29", "Pump-probe Reflectivity Studies of Ultrashort Laserinduced Acoustic Strains in Layered Materials", "2022-06-15", "4", "21", "16", "1000000", "28");
INSERT INTO projects (project_ID,project_title,project_starting_date,project_summary,project_due_date,supervisor_executive_ID,supervisor_researcher_ID,org_ID,capital,programme_ID) VALUES ("108", "Dissecting the Regulatory T cell metabolic aberrancies in autoimmunity to empower their function", "2019-02-25", "Dissecting the Regulatory T cell metabolic aberrancies in autoimmunity to empower their function", "2022-05-30", "10", "89", "14", "900000", "20");
INSERT INTO projects (project_ID,project_title,project_starting_date,project_summary,project_due_date,supervisor_executive_ID,supervisor_researcher_ID,org_ID,capital,programme_ID) VALUES ("109", "Diffusive, Structural, Optical, and Electrical Properties of Defects in Semiconductors", "2021-10-12", "Diffusive, Structural, Optical, and Electrical Properties of Defects in Semiconductors", "2022-06-23", "9", "17", "27", "500000", "5");
INSERT INTO projects (project_ID,project_title,project_starting_date,project_summary,project_due_date,supervisor_executive_ID,supervisor_researcher_ID,org_ID,capital,programme_ID) VALUES ("110", "Metagenomic and Immunogenetic analysis in Multiple Sclerosis", "2019-03-18", "Metagenomic and Immunogenetic analysis in Multiple Sclerosis", "2022-06-01", "20", "56", "3", "750000", "6");
INSERT INTO projects (project_ID,project_title,project_starting_date,project_summary,project_due_date,supervisor_executive_ID,supervisor_researcher_ID,org_ID,capital,programme_ID) VALUES ("111", "Ecological success beyond the genome: Linking adaptive potential with habitat connectivity", "2021-09-22", "Ecological success beyond the genome: Linking adaptive potential with habitat connectivity", "2022-06-24", "4", "64", "23", "700000", "8");
INSERT INTO projects (project_ID,project_title,project_starting_date,project_summary,project_due_date,supervisor_executive_ID,supervisor_researcher_ID,org_ID,capital,programme_ID) VALUES ("112", "Untying the Gordian Knot of the regulation of Type III Secretion Systems from economically important pathogens", "2019-07-24", "Untying the Gordian Knot of the regulation of Type III Secretion Systems from economically important pathogens", "2022-06-26", "5", "60", "4", "900000", "21");
INSERT INTO projects (project_ID,project_title,project_starting_date,project_summary,project_due_date,supervisor_executive_ID,supervisor_researcher_ID,org_ID,capital,programme_ID) VALUES ("113", "Diffusive, Structural, Optical, and Electrical Properties of Defects in Semiconductors", "2020-08-06", "Diffusive, Structural, Optical, and Electrical Properties of Defects in Semiconductors", "2022-05-31", "14", "28", "12", "500000", "22");
INSERT INTO projects (project_ID,project_title,project_starting_date,project_summary,project_due_date,supervisor_executive_ID,supervisor_researcher_ID,org_ID,capital,programme_ID) VALUES ("114", "Pathfinder Technology Demonstrator (PTD)", "2019-01-07", "Pathfinder Technology Demonstrator (PTD)", "2022-06-08", "2", "19", "24", "200000", "29");
INSERT INTO projects (project_ID,project_title,project_starting_date,project_summary,project_due_date,supervisor_executive_ID,supervisor_researcher_ID,org_ID,capital,programme_ID) VALUES ("115", "Diffusive, Structural, Optical, and Electrical Properties of Defects in Semiconductors", "2018-09-14", "Diffusive, Structural, Optical, and Electrical Properties of Defects in Semiconductors", "2022-05-31", "5", "38", "25", "750000", "18");
INSERT INTO projects (project_ID,project_title,project_starting_date,project_summary,project_due_date,supervisor_executive_ID,supervisor_researcher_ID,org_ID,capital,programme_ID) VALUES ("116", "Investigations of neutron-rich nuclei at the dripline through their analogue states: The cases of 10Li-10Be(T=2) and 17C-17N (T=5/2)", "2019-01-08", "Investigations of neutron-rich nuclei at the dripline through their analogue states: The cases of 10Li-10Be(T=2) and 17C-17N (T=5/2)", "2022-06-05", "16", "60", "15", "800000", "20");
INSERT INTO projects (project_ID,project_title,project_starting_date,project_summary,project_due_date,supervisor_executive_ID,supervisor_researcher_ID,org_ID,capital,programme_ID) VALUES ("117", "Ecological success beyond the genome: Linking adaptive potential with habitat connectivity", "2020-09-27", "Ecological success beyond the genome: Linking adaptive potential with habitat connectivity", "2022-06-13", "19", "84", "10", "500000", "8");
INSERT INTO projects (project_ID,project_title,project_starting_date,project_summary,project_due_date,supervisor_executive_ID,supervisor_researcher_ID,org_ID,capital,programme_ID) VALUES ("118", "Determination of the Electron Neutrino Mass from Experiments on Electron-Capture Beta-Decay (EC)", "2021-01-05", "Determination of the Electron Neutrino Mass from Experiments on Electron-Capture Beta-Decay (EC)", "2022-05-30", "6", "27", "25", "700000", "18");
INSERT INTO projects (project_ID,project_title,project_starting_date,project_summary,project_due_date,supervisor_executive_ID,supervisor_researcher_ID,org_ID,capital,programme_ID) VALUES ("119", "Exploration Ground Systems", "2022-01-30", "Exploration Ground Systems", "2022-06-15", "16", "63", "13", "300000", "17");
INSERT INTO projects (project_ID,project_title,project_starting_date,project_summary,project_due_date,supervisor_executive_ID,supervisor_researcher_ID,org_ID,capital,programme_ID) VALUES ("120", "Dissecting the Regulatory T cell metabolic aberrancies in autoimmunity to empower their function", "2018-07-07", "Dissecting the Regulatory T cell metabolic aberrancies in autoimmunity to empower their function", "2022-06-12", "3", "48", "12", "750000", "13");
INSERT INTO projects (project_ID,project_title,project_starting_date,project_summary,project_due_date,supervisor_executive_ID,supervisor_researcher_ID,org_ID,capital,programme_ID) VALUES ("121", "Mn and Fe Impurities in Si 1-x Ge x alloys", "2020-11-23", "Mn and Fe Impurities in Si 1-x Ge x alloys", "2022-06-17", "7", "79", "28", "1000000", "15");
INSERT INTO projects (project_ID,project_title,project_starting_date,project_summary,project_due_date,supervisor_executive_ID,supervisor_researcher_ID,org_ID,capital,programme_ID) VALUES ("122", "Precision measurement of the magnetic moment of the \Delta0", "2019-05-15", "Precision measurement of the magnetic moment of the \Delta0", "2022-06-15", "4", "65", "20", "400000", "16");
INSERT INTO projects (project_ID,project_title,project_starting_date,project_summary,project_due_date,supervisor_executive_ID,supervisor_researcher_ID,org_ID,capital,programme_ID) VALUES ("123", "Shape Effects along the Z=82 line: study of the beta decay of 188,190,192Pb using total Absorption Spectroscopy", "2018-11-23", "Shape Effects along the Z=82 line: study of the beta decay of 188,190,192Pb using total Absorption Spectroscopy", "2022-06-07", "9", "44", "8", "500000", "23");
INSERT INTO projects (project_ID,project_title,project_starting_date,project_summary,project_due_date,supervisor_executive_ID,supervisor_researcher_ID,org_ID,capital,programme_ID) VALUES ("124", "Investigations of neutron-rich nuclei at the dripline through their analogue states: The cases of 10Li-10Be(T=2) and 17C-17N (T=5/2)", "2020-02-08", "Investigations of neutron-rich nuclei at the dripline through their analogue states: The cases of 10Li-10Be(T=2) and 17C-17N (T=5/2)", "2022-06-23", "7", "39", "18", "300000", "20");
INSERT INTO projects (project_ID,project_title,project_starting_date,project_summary,project_due_date,supervisor_executive_ID,supervisor_researcher_ID,org_ID,capital,programme_ID) VALUES ("125", "Studies of Colossal Magnetoresistive Oxides with Radioactive Isotopes", "2019-04-06", "Studies of Colossal Magnetoresistive Oxides with Radioactive Isotopes", "2022-06-22", "12", "27", "15", "300000", "30");
INSERT INTO projects (project_ID,project_title,project_starting_date,project_summary,project_due_date,supervisor_executive_ID,supervisor_researcher_ID,org_ID,capital,programme_ID) VALUES ("126", "204mPb:A new Probe for TDPAC Experiments in Biology Complementing the Well Established Probes 111mCd and 199mHg", "2021-05-19", "204mPb:A new Probe for TDPAC Experiments in Biology Complementing the Well Established Probes 111mCd and 199mHg", "2022-05-30", "15", "48", "1", "500000", "28");
INSERT INTO projects (project_ID,project_title,project_starting_date,project_summary,project_due_date,supervisor_executive_ID,supervisor_researcher_ID,org_ID,capital,programme_ID) VALUES ("127", "MISTRAL: Mass measurements at ISolde with a Transmission RAdiofrequency spectrometer on-Line", "2020-03-19", "MISTRAL: Mass measurements at ISolde with a Transmission RAdiofrequency spectrometer on-Line", "2022-06-21", "5", "56", "15", "400000", "3");
INSERT INTO projects (project_ID,project_title,project_starting_date,project_summary,project_due_date,supervisor_executive_ID,supervisor_researcher_ID,org_ID,capital,programme_ID) VALUES ("128", "Studies of electric dipole moments in the octupole collective regions of heavy Radiums and Bariums", "2022-02-27", "Studies of electric dipole moments in the octupole collective regions of heavy Radiums and Bariums", "2022-06-14", "11", "23", "9", "600000", "8");
INSERT INTO projects (project_ID,project_title,project_starting_date,project_summary,project_due_date,supervisor_executive_ID,supervisor_researcher_ID,org_ID,capital,programme_ID) VALUES ("129", "Histone-fold domain proteins with divergent functions of Plasmodium as target for drug development and transmission blocking strategies", "2021-01-06", "Histone-fold domain proteins with divergent functions of Plasmodium as target for drug development and transmission blocking strategies", "2022-06-01", "2", "17", "19", "500000", "12");
INSERT INTO projects (project_ID,project_title,project_starting_date,project_summary,project_due_date,supervisor_executive_ID,supervisor_researcher_ID,org_ID,capital,programme_ID) VALUES ("130", "Atomic Spectroscopy and Collisions Using Slow Antiprotons The ASACUSA Collaboration", "2017-11-18", "Atomic Spectroscopy and Collisions Using Slow Antiprotons The ASACUSA Collaboration", "2022-06-21", "20", "97", "21", "750000", "28");
INSERT INTO projects (project_ID,project_title,project_starting_date,project_summary,project_due_date,supervisor_executive_ID,supervisor_researcher_ID,org_ID,capital,programme_ID) VALUES ("131", "Origins Spectral Interpretation Resource Identification Security Regolith Explorer", "2021-05-27", "Origins Spectral Interpretation Resource Identification Security Regolith Explorer", "2022-05-29", "20", "67", "3", "900000", "6");
INSERT INTO projects (project_ID,project_title,project_starting_date,project_summary,project_due_date,supervisor_executive_ID,supervisor_researcher_ID,org_ID,capital,programme_ID) VALUES ("132", "Studies of electric dipole moments in the octupole collective regions of heavy Radiums and Bariums", "2019-04-24", "Studies of electric dipole moments in the octupole collective regions of heavy Radiums and Bariums", "2022-05-29", "13", "37", "23", "100000", "4");
INSERT INTO projects (project_ID,project_title,project_starting_date,project_summary,project_due_date,supervisor_executive_ID,supervisor_researcher_ID,org_ID,capital,programme_ID) VALUES ("133", "Mapping the boundaries of the seniority regime and collective motion: Coulomb excitation studies of N=122 isotones 206Po and 208Rn", "2019-06-22", "Mapping the boundaries of the seniority regime and collective motion: Coulomb excitation studies of N=122 isotones 206Po and 208Rn", "2022-06-10", "2", "91", "3", "500000", "24");
INSERT INTO projects (project_ID,project_title,project_starting_date,project_summary,project_due_date,supervisor_executive_ID,supervisor_researcher_ID,org_ID,capital,programme_ID) VALUES ("134", "Precision measurement of the magnetic moment of the \Delta0", "2018-05-13", "Precision measurement of the magnetic moment of the \Delta0", "2022-06-11", "2", "15", "20", "100000", "21");
INSERT INTO projects (project_ID,project_title,project_starting_date,project_summary,project_due_date,supervisor_executive_ID,supervisor_researcher_ID,org_ID,capital,programme_ID) VALUES ("135", "Coulomb excitation of neutron-rich28,29,30Na nuclei with MINIBALL at REX-ISOLDE: Mapping the borders of the island of inversion", "2019-01-17", "Coulomb excitation of neutron-rich28,29,30Na nuclei with MINIBALL at REX-ISOLDE: Mapping the borders of the island of inversion", "2022-06-04", "2", "86", "8", "300000", "14");
INSERT INTO projects (project_ID,project_title,project_starting_date,project_summary,project_due_date,supervisor_executive_ID,supervisor_researcher_ID,org_ID,capital,programme_ID) VALUES ("136", "Fluid-Induced Seismicity mechanisms: Stochastic modelling, seismic anisotropy and beyond", "2021-08-22", "Fluid-Induced Seismicity mechanisms: Stochastic modelling, seismic anisotropy and beyond", "2022-06-10", "20", "84", "12", "500000", "9");
INSERT INTO projects (project_ID,project_title,project_starting_date,project_summary,project_due_date,supervisor_executive_ID,supervisor_researcher_ID,org_ID,capital,programme_ID) VALUES ("137", "Obtaining Empirical Validation of Shapecoexistence in the Mass 70 Region: Coulomb Excitation of a Radioactive Beam of 70Se", "2017-05-29", "Obtaining Empirical Validation of Shapecoexistence in the Mass 70 Region: Coulomb Excitation of a Radioactive Beam of 70Se", "2022-06-05", "2", "4", "7", "800000", "21");
INSERT INTO projects (project_ID,project_title,project_starting_date,project_summary,project_due_date,supervisor_executive_ID,supervisor_researcher_ID,org_ID,capital,programme_ID) VALUES ("138", "Interactions of 16O Projectile and its Fragments in Nuclear Emulsion at about 60 and 200 GeV/nucleon", "2018-01-04", "Interactions of 16O Projectile and its Fragments in Nuclear Emulsion at about 60 and 200 GeV/nucleon", "2022-06-19", "18", "9", "24", "500000", "21");
INSERT INTO projects (project_ID,project_title,project_starting_date,project_summary,project_due_date,supervisor_executive_ID,supervisor_researcher_ID,org_ID,capital,programme_ID) VALUES ("139", "Towards greater nitrogen use efficiency in agroecosystems", "2020-03-09", "Towards greater nitrogen use efficiency in agroecosystems", "2022-06-22", "13", "43", "14", "150000", "3");
INSERT INTO projects (project_ID,project_title,project_starting_date,project_summary,project_due_date,supervisor_executive_ID,supervisor_researcher_ID,org_ID,capital,programme_ID) VALUES ("140", "Investigations of neutron-rich nuclei at the dripline through their analogue states: The cases of 10Li-10Be(T=2) and 17C-17N (T=5/2)", "2018-12-30", "Investigations of neutron-rich nuclei at the dripline through their analogue states: The cases of 10Li-10Be(T=2) and 17C-17N (T=5/2)", "2022-05-30", "9", "45", "23", "700000", "2");
INSERT INTO projects (project_ID,project_title,project_starting_date,project_summary,project_due_date,supervisor_executive_ID,supervisor_researcher_ID,org_ID,capital,programme_ID) VALUES ("141", "Measurement of Gas and Volatile Elements Production Cross Section in a Molten Lead-Bismuth Target", "2020-03-11", "Measurement of Gas and Volatile Elements Production Cross Section in a Molten Lead-Bismuth Target", "2022-06-17", "17", "47", "27", "150000", "19");
INSERT INTO projects (project_ID,project_title,project_starting_date,project_summary,project_due_date,supervisor_executive_ID,supervisor_researcher_ID,org_ID,capital,programme_ID) VALUES ("142", "Birds migrating in a changing world: movements, regulatory mechanisms and conservation", "2019-05-26", "Birds migrating in a changing world: movements, regulatory mechanisms and conservation", "2022-05-29", "7", "56", "12", "500000", "29");
INSERT INTO projects (project_ID,project_title,project_starting_date,project_summary,project_due_date,supervisor_executive_ID,supervisor_researcher_ID,org_ID,capital,programme_ID) VALUES ("143", "Pathfinder Technology Demonstrator (PTD)", "2020-03-27", "Pathfinder Technology Demonstrator (PTD)", "2022-06-24", "8", "60", "15", "150000", "13");
INSERT INTO projects (project_ID,project_title,project_starting_date,project_summary,project_due_date,supervisor_executive_ID,supervisor_researcher_ID,org_ID,capital,programme_ID) VALUES ("144", "Relative Biological Effectiveness and Peripheral Damage of Antiproton Annihilation", "2021-03-04", "Relative Biological Effectiveness and Peripheral Damage of Antiproton Annihilation", "2022-06-21", "11", "22", "3", "800000", "26");
INSERT INTO projects (project_ID,project_title,project_starting_date,project_summary,project_due_date,supervisor_executive_ID,supervisor_researcher_ID,org_ID,capital,programme_ID) VALUES ("145", "Advanced Materials for Perovskite Solar Cells", "2021-08-31", "Advanced Materials for Perovskite Solar Cells", "2022-06-02", "4", "48", "8", "300000", "5");
INSERT INTO projects (project_ID,project_title,project_starting_date,project_summary,project_due_date,supervisor_executive_ID,supervisor_researcher_ID,org_ID,capital,programme_ID) VALUES ("146", "Dissecting the Regulatory T cell metabolic aberrancies in autoimmunity to empower their function", "2022-01-01", "Dissecting the Regulatory T cell metabolic aberrancies in autoimmunity to empower their function", "2022-06-17", "8", "10", "15", "900000", "20");
INSERT INTO projects (project_ID,project_title,project_starting_date,project_summary,project_due_date,supervisor_executive_ID,supervisor_researcher_ID,org_ID,capital,programme_ID) VALUES ("147", "Shape Effects along the Z=82 line: study of the beta decay of 188,190,192Pb using total Absorption Spectroscopy", "2020-02-08", "Shape Effects along the Z=82 line: study of the beta decay of 188,190,192Pb using total Absorption Spectroscopy", "2022-06-19", "2", "11", "21", "800000", "15");
INSERT INTO projects (project_ID,project_title,project_starting_date,project_summary,project_due_date,supervisor_executive_ID,supervisor_researcher_ID,org_ID,capital,programme_ID) VALUES ("148", "Space Stochastic Gravitational Wave Hunt Employing LISA", "2018-09-21", "Space Stochastic Gravitational Wave Hunt Employing LISA", "2022-06-25", "19", "51", "8", "750000", "22");
INSERT INTO projects (project_ID,project_title,project_starting_date,project_summary,project_due_date,supervisor_executive_ID,supervisor_researcher_ID,org_ID,capital,programme_ID) VALUES ("149", "Investigation of the single Particle Structure of the Neutron-rich Sodium Isotopes 27-31 Na", "2021-05-10", "Investigation of the single Particle Structure of the Neutron-rich Sodium Isotopes 27-31 Na", "2022-06-22", "2", "38", "5", "500000", "22");
INSERT INTO projects (project_ID,project_title,project_starting_date,project_summary,project_due_date,supervisor_executive_ID,supervisor_researcher_ID,org_ID,capital,programme_ID) VALUES ("150", "Integrated Solar Array and Reflectarray Antenna (ISARA)", "2022-01-23", "Integrated Solar Array and Reflectarray Antenna (ISARA)", "2022-06-25", "2", "24", "13", "300000", "25");
INSERT INTO projects (project_ID,project_title,project_starting_date,project_summary,project_due_date,supervisor_executive_ID,supervisor_researcher_ID,org_ID,capital,programme_ID) VALUES ("151", "Precision measurement of the magnetic moment of the \Delta0", "2019-09-26", "Precision measurement of the magnetic moment of the \Delta0", "2022-06-04", "15", "20", "7", "400000", "14");
INSERT INTO projects (project_ID,project_title,project_starting_date,project_summary,project_due_date,supervisor_executive_ID,supervisor_researcher_ID,org_ID,capital,programme_ID) VALUES ("152", "Metagenomic and Immunogenetic analysis in Multiple Sclerosis", "2019-12-21", "Metagenomic and Immunogenetic analysis in Multiple Sclerosis", "2022-06-14", "12", "23", "2", "500000", "5");
INSERT INTO projects (project_ID,project_title,project_starting_date,project_summary,project_due_date,supervisor_executive_ID,supervisor_researcher_ID,org_ID,capital,programme_ID) VALUES ("153", "DNA Damage & Metabolism in Progeria and Natural Aging", "2020-07-30", "DNA Damage & Metabolism in Progeria and Natural Aging", "2022-06-03", "7", "14", "22", "600000", "23");
INSERT INTO projects (project_ID,project_title,project_starting_date,project_summary,project_due_date,supervisor_executive_ID,supervisor_researcher_ID,org_ID,capital,programme_ID) VALUES ("154", "Fast-timing studies of nuclei below 68Ni populated in the B-decay of Mn isotopes", "2018-03-25", "Fast-timing studies of nuclei below 68Ni populated in the B-decay of Mn isotopes", "2022-06-19", "10", "81", "1", "1000000", "1");
INSERT INTO projects (project_ID,project_title,project_starting_date,project_summary,project_due_date,supervisor_executive_ID,supervisor_researcher_ID,org_ID,capital,programme_ID) VALUES ("155", "Birds migrating in a changing world: movements, regulatory mechanisms and conservation", "2019-08-08", "Birds migrating in a changing world: movements, regulatory mechanisms and conservation", "2022-06-15", "3", "95", "11", "300000", "11");
INSERT INTO projects (project_ID,project_title,project_starting_date,project_summary,project_due_date,supervisor_executive_ID,supervisor_researcher_ID,org_ID,capital,programme_ID) VALUES ("156", "Advanced Materials for Perovskite Solar Cells", "2019-02-26", "Advanced Materials for Perovskite Solar Cells", "2022-06-12", "8", "55", "14", "1000000", "5");
INSERT INTO projects (project_ID,project_title,project_starting_date,project_summary,project_due_date,supervisor_executive_ID,supervisor_researcher_ID,org_ID,capital,programme_ID) VALUES ("157", "Space Stochastic Gravitational Wave Hunt Employing LISA", "2018-12-25", "Space Stochastic Gravitational Wave Hunt Employing LISA", "2022-06-16", "8", "45", "8", "300000", "24");
INSERT INTO projects (project_ID,project_title,project_starting_date,project_summary,project_due_date,supervisor_executive_ID,supervisor_researcher_ID,org_ID,capital,programme_ID) VALUES ("158", "Measurement of Moments and Radii of Light Nuclei by Collinear Fast-Beam Laser Spectroscopy and Beta-NMR Spectroscopy", "2017-11-06", "Measurement of Moments and Radii of Light Nuclei by Collinear Fast-Beam Laser Spectroscopy and Beta-NMR Spectroscopy", "2022-06-12", "5", "34", "12", "500000", "2");
INSERT INTO projects (project_ID,project_title,project_starting_date,project_summary,project_due_date,supervisor_executive_ID,supervisor_researcher_ID,org_ID,capital,programme_ID) VALUES ("159", "High Accuracy mass Measurement of the very Short-Lived Halo Nuclide 11Li", "2022-03-18", "High Accuracy mass Measurement of the very Short-Lived Halo Nuclide 11Li", "2022-06-16", "15", "72", "18", "400000", "14");
INSERT INTO projects (project_ID,project_title,project_starting_date,project_summary,project_due_date,supervisor_executive_ID,supervisor_researcher_ID,org_ID,capital,programme_ID) VALUES ("160", "Advanced Cosmic-ray Composition Exp. for the Space Station", "2022-03-16", "Advanced Cosmic-ray Composition Exp. for the Space Station", "2022-06-24", "4", "6", "6", "900000", "6");
INSERT INTO projects (project_ID,project_title,project_starting_date,project_summary,project_due_date,supervisor_executive_ID,supervisor_researcher_ID,org_ID,capital,programme_ID) VALUES ("161", "Investigation of astrophysically relevant neutron-rich argon nuclei", "2017-07-25", "Investigation of astrophysically relevant neutron-rich argon nuclei", "2022-06-12", "1", "14", "22", "150000", "28");
INSERT INTO projects (project_ID,project_title,project_starting_date,project_summary,project_due_date,supervisor_executive_ID,supervisor_researcher_ID,org_ID,capital,programme_ID) VALUES ("162", "Role of endothelial RhoA in cancer metastasis", "2021-11-18", "Role of endothelial RhoA in cancer metastasis", "2022-06-16", "8", "68", "2", "1000000", "15");
INSERT INTO projects (project_ID,project_title,project_starting_date,project_summary,project_due_date,supervisor_executive_ID,supervisor_researcher_ID,org_ID,capital,programme_ID) VALUES ("163", "Cold Antihydrogen for Precise Laser Spectroscopy", "2021-11-27", "Cold Antihydrogen for Precise Laser Spectroscopy", "2022-06-19", "6", "50", "27", "750000", "20");
INSERT INTO projects (project_ID,project_title,project_starting_date,project_summary,project_due_date,supervisor_executive_ID,supervisor_researcher_ID,org_ID,capital,programme_ID) VALUES ("164", "Shape Effects along the Z=82 line: study of the beta decay of 188,190,192Pb using total Absorption Spectroscopy", "2019-11-03", "Shape Effects along the Z=82 line: study of the beta decay of 188,190,192Pb using total Absorption Spectroscopy", "2022-06-24", "6", "42", "5", "200000", "12");
INSERT INTO projects (project_ID,project_title,project_starting_date,project_summary,project_due_date,supervisor_executive_ID,supervisor_researcher_ID,org_ID,capital,programme_ID) VALUES ("165", "Advanced Cosmic-ray Composition Exp. for the Space Station", "2018-10-15", "Advanced Cosmic-ray Composition Exp. for the Space Station", "2022-06-25", "6", "88", "17", "700000", "26");
INSERT INTO projects (project_ID,project_title,project_starting_date,project_summary,project_due_date,supervisor_executive_ID,supervisor_researcher_ID,org_ID,capital,programme_ID) VALUES ("166", "Thermosphere Ionosphere Mesosphere Energetics and Dynamics", "2018-01-06", "Thermosphere Ionosphere Mesosphere Energetics and Dynamics", "2022-06-11", "1", "59", "5", "400000", "2");
INSERT INTO projects (project_ID,project_title,project_starting_date,project_summary,project_due_date,supervisor_executive_ID,supervisor_researcher_ID,org_ID,capital,programme_ID) VALUES ("167", "An Energy Upgrade of REX-ISOLDE to 3.1 MeV/u and Acceleration of Heavier Masses up to A=150.", "2022-01-29", "An Energy Upgrade of REX-ISOLDE to 3.1 MeV/u and Acceleration of Heavier Masses up to A=150.", "2022-06-16", "9", "6", "3", "600000", "28");
INSERT INTO projects (project_ID,project_title,project_starting_date,project_summary,project_due_date,supervisor_executive_ID,supervisor_researcher_ID,org_ID,capital,programme_ID) VALUES ("168", "Histone-fold domain proteins with divergent functions of Plasmodium as target for drug development and transmission blocking strategies", "2020-12-16", "Histone-fold domain proteins with divergent functions of Plasmodium as target for drug development and transmission blocking strategies", "2022-05-31", "16", "46", "21", "100000", "14");
INSERT INTO projects (project_ID,project_title,project_starting_date,project_summary,project_due_date,supervisor_executive_ID,supervisor_researcher_ID,org_ID,capital,programme_ID) VALUES ("169", "Dissecting the Regulatory T cell metabolic aberrancies in autoimmunity to empower their function", "2020-04-20", "Dissecting the Regulatory T cell metabolic aberrancies in autoimmunity to empower their function", "2022-06-21", "2", "43", "30", "400000", "23");
INSERT INTO projects (project_ID,project_title,project_starting_date,project_summary,project_due_date,supervisor_executive_ID,supervisor_researcher_ID,org_ID,capital,programme_ID) VALUES ("170", "Diffusive, Structural, Optical, and Electrical Properties of Defects in Semiconductors", "2020-11-28", "Diffusive, Structural, Optical, and Electrical Properties of Defects in Semiconductors", "2022-06-10", "10", "74", "30", "500000", "7");
INSERT INTO projects (project_ID,project_title,project_starting_date,project_summary,project_due_date,supervisor_executive_ID,supervisor_researcher_ID,org_ID,capital,programme_ID) VALUES ("171", "Studies of Colossal Magnetoresistive Oxides with Radioactive Isotopes", "2022-03-07", "Studies of Colossal Magnetoresistive Oxides with Radioactive Isotopes", "2022-06-09", "9", "22", "4", "600000", "21");
INSERT INTO projects (project_ID,project_title,project_starting_date,project_summary,project_due_date,supervisor_executive_ID,supervisor_researcher_ID,org_ID,capital,programme_ID) VALUES ("172", "The Structure of the Heavy Calcium Isotpes and the Effective Interaction in the sd-fp Shell", "2020-08-17", "The Structure of the Heavy Calcium Isotpes and the Effective Interaction in the sd-fp Shell", "2022-06-14", "2", "36", "10", "700000", "11");
INSERT INTO projects (project_ID,project_title,project_starting_date,project_summary,project_due_date,supervisor_executive_ID,supervisor_researcher_ID,org_ID,capital,programme_ID) VALUES ("173", "High Accuracy mass Measurement of the very Short-Lived Halo Nuclide 11Li", "2020-10-04", "High Accuracy mass Measurement of the very Short-Lived Halo Nuclide 11Li", "2022-06-01", "10", "43", "29", "500000", "1");
INSERT INTO projects (project_ID,project_title,project_starting_date,project_summary,project_due_date,supervisor_executive_ID,supervisor_researcher_ID,org_ID,capital,programme_ID) VALUES ("174", "Mossbauer Studies of dilute Magnetic Semiconductors", "2021-07-29", "Mossbauer Studies of dilute Magnetic Semiconductors", "2022-06-11", "15", "29", "9", "700000", "16");
INSERT INTO projects (project_ID,project_title,project_starting_date,project_summary,project_due_date,supervisor_executive_ID,supervisor_researcher_ID,org_ID,capital,programme_ID) VALUES ("175", "31Si Self-Diffusion in Si-Ge Alloys and Si-(B-)C-N Ceramics and Diffusion Studies for Al and Si Beam Developments", "2017-12-27", "31Si Self-Diffusion in Si-Ge Alloys and Si-(B-)C-N Ceramics and Diffusion Studies for Al and Si Beam Developments", "2022-06-11", "10", "36", "23", "500000", "26");
INSERT INTO projects (project_ID,project_title,project_starting_date,project_summary,project_due_date,supervisor_executive_ID,supervisor_researcher_ID,org_ID,capital,programme_ID) VALUES ("176", "Studies of B-delayed two-proton emission : The cases of 31Ar and 35Ca", "2020-05-21", "Studies of B-delayed two-proton emission : The cases of 31Ar and 35Ca", "2022-06-02", "17", "68", "3", "500000", "30");
INSERT INTO projects (project_ID,project_title,project_starting_date,project_summary,project_due_date,supervisor_executive_ID,supervisor_researcher_ID,org_ID,capital,programme_ID) VALUES ("177", "Space Stochastic Gravitational Wave Hunt Employing LISA", "2017-10-26", "Space Stochastic Gravitational Wave Hunt Employing LISA", "2022-06-22", "17", "47", "9", "200000", "8");
INSERT INTO projects (project_ID,project_title,project_starting_date,project_summary,project_due_date,supervisor_executive_ID,supervisor_researcher_ID,org_ID,capital,programme_ID) VALUES ("178", "Laser Spectroscopy of Neutron Rich Bismuth Isotopes", "2020-12-12", "Laser Spectroscopy of Neutron Rich Bismuth Isotopes", "2022-06-18", "14", "47", "23", "200000", "1");
INSERT INTO projects (project_ID,project_title,project_starting_date,project_summary,project_due_date,supervisor_executive_ID,supervisor_researcher_ID,org_ID,capital,programme_ID) VALUES ("179", "Charge Breeding of Radioactive Ions in an Electron Cyclotron Resonance Ion Source(ECRIS) at ISOLDE", "2018-03-12", "Charge Breeding of Radioactive Ions in an Electron Cyclotron Resonance Ion Source(ECRIS) at ISOLDE", "2022-05-31", "10", "62", "17", "900000", "17");
INSERT INTO projects (project_ID,project_title,project_starting_date,project_summary,project_due_date,supervisor_executive_ID,supervisor_researcher_ID,org_ID,capital,programme_ID) VALUES ("180", "Modified carbon nanostructures and related 2D nanomaterials with small organic and coordination molecules as sustainable electrocatalysts", "2017-07-03", "Modified carbon nanostructures and related 2D nanomaterials with small organic and coordination molecules as sustainable electrocatalysts", "2022-06-03", "20", "5", "29", "300000", "26");
INSERT INTO projects (project_ID,project_title,project_starting_date,project_summary,project_due_date,supervisor_executive_ID,supervisor_researcher_ID,org_ID,capital,programme_ID) VALUES ("181", "Exploration Ground Systems", "2022-03-28", "Exploration Ground Systems", "2022-05-31", "17", "31", "8", "750000", "1");
INSERT INTO projects (project_ID,project_title,project_starting_date,project_summary,project_due_date,supervisor_executive_ID,supervisor_researcher_ID,org_ID,capital,programme_ID) VALUES ("182", "Role of mechanical forces in development and cancer", "2020-01-20", "Role of mechanical forces in development and cancer", "2022-06-20", "18", "74", "30", "900000", "27");
INSERT INTO projects (project_ID,project_title,project_starting_date,project_summary,project_due_date,supervisor_executive_ID,supervisor_researcher_ID,org_ID,capital,programme_ID) VALUES ("183", "Beta-Decay Study of Neutron-Rich Tl, Pb, and Bi by means of the Pulsed-Release Technique and Resonant Laser Ionisation", "2020-12-24", "Beta-Decay Study of Neutron-Rich Tl, Pb, and Bi by means of the Pulsed-Release Technique and Resonant Laser Ionisation", "2022-06-23", "10", "71", "1", "500000", "28");
INSERT INTO projects (project_ID,project_title,project_starting_date,project_summary,project_due_date,supervisor_executive_ID,supervisor_researcher_ID,org_ID,capital,programme_ID) VALUES ("184", "Obtaining Empirical Validation of Shapecoexistence in the Mass 70 Region: Coulomb Excitation of a Radioactive Beam of 70Se", "2017-12-22", "Obtaining Empirical Validation of Shapecoexistence in the Mass 70 Region: Coulomb Excitation of a Radioactive Beam of 70Se", "2022-06-10", "11", "6", "6", "400000", "24");
INSERT INTO projects (project_ID,project_title,project_starting_date,project_summary,project_due_date,supervisor_executive_ID,supervisor_researcher_ID,org_ID,capital,programme_ID) VALUES ("185", "Ultrasonically activated nanomedicines for targeted therapy of pancreatic cancer", "2020-01-27", "Ultrasonically activated nanomedicines for targeted therapy of pancreatic cancer", "2022-06-22", "7", "57", "20", "400000", "14");
INSERT INTO projects (project_ID,project_title,project_starting_date,project_summary,project_due_date,supervisor_executive_ID,supervisor_researcher_ID,org_ID,capital,programme_ID) VALUES ("186", "Fluid-Induced Seismicity mechanisms: Stochastic modelling, seismic anisotropy and beyond", "2020-03-26", "Fluid-Induced Seismicity mechanisms: Stochastic modelling, seismic anisotropy and beyond", "2022-06-25", "8", "4", "16", "800000", "28");
INSERT INTO projects (project_ID,project_title,project_starting_date,project_summary,project_due_date,supervisor_executive_ID,supervisor_researcher_ID,org_ID,capital,programme_ID) VALUES ("187", "Identification of novel, differentially edited RNA molecules involved in neurodegenerative disorders pathogenesis", "2018-12-04", "Identification of novel, differentially edited RNA molecules involved in neurodegenerative disorders pathogenesis", "2022-06-09", "10", "58", "10", "400000", "6");
INSERT INTO projects (project_ID,project_title,project_starting_date,project_summary,project_due_date,supervisor_executive_ID,supervisor_researcher_ID,org_ID,capital,programme_ID) VALUES ("188", "High Resolution optical spectroscopy in isotopically-pure Si using radioactive isotopes: towards a re-evaluation of deep centres", "2019-11-12", "High Resolution optical spectroscopy in isotopically-pure Si using radioactive isotopes: towards a re-evaluation of deep centres", "2022-06-18", "7", "22", "5", "150000", "29");
INSERT INTO projects (project_ID,project_title,project_starting_date,project_summary,project_due_date,supervisor_executive_ID,supervisor_researcher_ID,org_ID,capital,programme_ID) VALUES ("189", "Study of the effect of shell stabilization of the collective isovector valence-shell excitations along the N=80 isotonic chain	", "2018-01-22", "Study of the effect of shell stabilization of the collective isovector valence-shell excitations along the N=80 isotonic chain	", "2022-06-17", "18", "45", "19", "500000", "15");
INSERT INTO projects (project_ID,project_title,project_starting_date,project_summary,project_due_date,supervisor_executive_ID,supervisor_researcher_ID,org_ID,capital,programme_ID) VALUES ("190", "Mapping the boundaries of the seniority regime and collective motion: Coulomb excitation studies of N=122 isotones 206Po and 208Rn", "2019-07-25", "Mapping the boundaries of the seniority regime and collective motion: Coulomb excitation studies of N=122 isotones 206Po and 208Rn", "2022-06-26", "3", "71", "11", "1000000", "2");
INSERT INTO projects (project_ID,project_title,project_starting_date,project_summary,project_due_date,supervisor_executive_ID,supervisor_researcher_ID,org_ID,capital,programme_ID) VALUES ("191", "Study of the engineering and physicochemical parameters involved in the development of novel, instant kefir based products", "2021-10-31", "Study of the engineering and physicochemical parameters involved in the development of novel, instant kefir based products", "2022-05-29", "14", "32", "18", "200000", "8");
INSERT INTO projects (project_ID,project_title,project_starting_date,project_summary,project_due_date,supervisor_executive_ID,supervisor_researcher_ID,org_ID,capital,programme_ID) VALUES ("192", "Applications of conducting polymers and their issues in biomedical engineering", "2021-04-28", "Applications of conducting polymers and their issues in biomedical engineering", "2022-06-01", "11", "85", "1", "1000000", "30");
INSERT INTO projects (project_ID,project_title,project_starting_date,project_summary,project_due_date,supervisor_executive_ID,supervisor_researcher_ID,org_ID,capital,programme_ID) VALUES ("193", "Studies of the Beta-Decay of Kr and Sr nuclei on and near the N=Z line with a Total Absorption Gamma Ray Spectrometer", "2017-09-20", "Studies of the Beta-Decay of Kr and Sr nuclei on and near the N=Z line with a Total Absorption Gamma Ray Spectrometer", "2022-06-26", "10", "33", "13", "500000", "14");
INSERT INTO projects (project_ID,project_title,project_starting_date,project_summary,project_due_date,supervisor_executive_ID,supervisor_researcher_ID,org_ID,capital,programme_ID) VALUES ("194", "SystEms Biology Modelling of Key LIFe History Traits for Sustainable Aquaculture Production in the Mediterranean Region", "2018-08-12", "SystEms Biology Modelling of Key LIFe History Traits for Sustainable Aquaculture Production in the Mediterranean Region", "2022-06-14", "7", "48", "14", "1000000", "1");
INSERT INTO projects (project_ID,project_title,project_starting_date,project_summary,project_due_date,supervisor_executive_ID,supervisor_researcher_ID,org_ID,capital,programme_ID) VALUES ("195", "Deciphering gene expression by long noncoding RNAs in yeast and mammalian stem cells: mechanisms of Cell Fate Determination", "2019-04-18", "Deciphering gene expression by long noncoding RNAs in yeast and mammalian stem cells: mechanisms of Cell Fate Determination", "2022-06-10", "4", "81", "19", "500000", "30");
INSERT INTO projects (project_ID,project_title,project_starting_date,project_summary,project_due_date,supervisor_executive_ID,supervisor_researcher_ID,org_ID,capital,programme_ID) VALUES ("196", "Origins Spectral Interpretation Resource Identification Security Regolith Explorer", "2020-11-20", "Origins Spectral Interpretation Resource Identification Security Regolith Explorer", "2022-06-09", "12", "45", "12", "750000", "18");
INSERT INTO projects (project_ID,project_title,project_starting_date,project_summary,project_due_date,supervisor_executive_ID,supervisor_researcher_ID,org_ID,capital,programme_ID) VALUES ("197", "Diffusive, Structural, Optical, and Electrical Properties of Defects in Semiconductors", "2018-11-18", "Diffusive, Structural, Optical, and Electrical Properties of Defects in Semiconductors", "2022-06-01", "3", "57", "18", "400000", "13");
INSERT INTO projects (project_ID,project_title,project_starting_date,project_summary,project_due_date,supervisor_executive_ID,supervisor_researcher_ID,org_ID,capital,programme_ID) VALUES ("198", "Space Launch System", "2020-06-21", "Space Launch System", "2022-06-22", "11", "86", "22", "800000", "25");
INSERT INTO projects (project_ID,project_title,project_starting_date,project_summary,project_due_date,supervisor_executive_ID,supervisor_researcher_ID,org_ID,capital,programme_ID) VALUES ("199", "Dissecting the Regulatory T cell metabolic aberrancies in autoimmunity to empower their function", "2017-08-19", "Dissecting the Regulatory T cell metabolic aberrancies in autoimmunity to empower their function", "2022-06-17", "10", "22", "4", "700000", "10");
INSERT INTO projects (project_ID,project_title,project_starting_date,project_summary,project_due_date,supervisor_executive_ID,supervisor_researcher_ID,org_ID,capital,programme_ID) VALUES ("200", "Mapping the boundaries of the seniority regime and collective motion: Coulomb excitation studies of N=122 isotones 206Po and 208Rn", "2022-03-10", "Mapping the boundaries of the seniority regime and collective motion: Coulomb excitation studies of N=122 isotones 206Po and 208Rn", "2022-06-05", "2", "18", "3", "150000", "15");







INSERT INTO research_center (research_center_ID,ministry_budget,private_budget,org_ID) VALUES (  "1", "5000000", "5000000", "1");
INSERT INTO research_center (research_center_ID,ministry_budget,private_budget,org_ID) VALUES (  "2", "3000000", "7000000", "2");
INSERT INTO research_center (research_center_ID,ministry_budget,private_budget,org_ID) VALUES (  "3", "2000000", "1000000", "3");
INSERT INTO research_center (research_center_ID,ministry_budget,private_budget,org_ID) VALUES (  "4", "5000000", "4000000", "4");
INSERT INTO research_center (research_center_ID,ministry_budget,private_budget,org_ID) VALUES (  "5", "3000000", "2000000", "5");





INSERT INTO researchers (researcher_ID,first_name,last_name,gender,birth_date,org_ID,employment_starting_date) VALUES (  "1", "Nathaniel", "Lane", "M", "1955-11-14", "1", "2017-01-06");
INSERT INTO researchers (researcher_ID,first_name,last_name,gender,birth_date,org_ID,employment_starting_date) VALUES (  "2", "George", "Cochran", "M", "1990-07-07", "2", "2017-11-16");
INSERT INTO researchers (researcher_ID,first_name,last_name,gender,birth_date,org_ID,employment_starting_date) VALUES (  "3", "Adam", "Ramirez", "M", "1965-11-25", "3", "2021-12-16");
INSERT INTO researchers (researcher_ID,first_name,last_name,gender,birth_date,org_ID,employment_starting_date) VALUES (  "4", "Scott", "Castillo", "M", "1963-11-16", "4", "2008-05-18");
INSERT INTO researchers (researcher_ID,first_name,last_name,gender,birth_date,org_ID,employment_starting_date) VALUES (  "5", "Erica", "Powers", "F", "1988-02-02", "5", "2017-12-30");
INSERT INTO researchers (researcher_ID,first_name,last_name,gender,birth_date,org_ID,employment_starting_date) VALUES (  "6", "Mary", "Brown", "F", "1939-02-18", "6", "2016-06-17");
INSERT INTO researchers (researcher_ID,first_name,last_name,gender,birth_date,org_ID,employment_starting_date) VALUES (  "7", "Cody", "Valenzuela", "M", "1968-10-29", "7", "2017-07-21");
INSERT INTO researchers (researcher_ID,first_name,last_name,gender,birth_date,org_ID,employment_starting_date) VALUES (  "8", "Stephen", "Smith", "M", "1968-02-22", "8", "2010-06-05");
INSERT INTO researchers (researcher_ID,first_name,last_name,gender,birth_date,org_ID,employment_starting_date) VALUES (  "9", "Nicholas", "Hunter", "M", "1974-02-22", "9", "2010-02-09");
INSERT INTO researchers (researcher_ID,first_name,last_name,gender,birth_date,org_ID,employment_starting_date) VALUES (  "10", "Caleb", "Gonzales", "M", "1993-11-13", "10", "2019-10-15");
INSERT INTO researchers (researcher_ID,first_name,last_name,gender,birth_date,org_ID,employment_starting_date) VALUES (  "11", "Scott", "Anderson", "M", "1981-05-14", "11", "2012-05-08");
INSERT INTO researchers (researcher_ID,first_name,last_name,gender,birth_date,org_ID,employment_starting_date) VALUES (  "12", "Colleen", "Patterson", "F", "1934-06-18", "12", "2018-08-13");
INSERT INTO researchers (researcher_ID,first_name,last_name,gender,birth_date,org_ID,employment_starting_date) VALUES (  "13", "Lindsey", "Garza", "F", "1992-04-15", "13", "2015-02-13");
INSERT INTO researchers (researcher_ID,first_name,last_name,gender,birth_date,org_ID,employment_starting_date) VALUES (  "14", "Tracy", "Welch", "F", "1970-10-28", "14", "2015-02-24");
INSERT INTO researchers (researcher_ID,first_name,last_name,gender,birth_date,org_ID,employment_starting_date) VALUES (  "15", "Johnathan", "George", "M", "1954-06-11", "15", "2010-05-13");
INSERT INTO researchers (researcher_ID,first_name,last_name,gender,birth_date,org_ID,employment_starting_date) VALUES (  "16", "Jennifer", "Johnson", "F", "1995-11-13", "16", "2007-07-22");
INSERT INTO researchers (researcher_ID,first_name,last_name,gender,birth_date,org_ID,employment_starting_date) VALUES (  "17", "Samantha", "Lewis", "F", "1968-01-29", "17", "2018-09-25");
INSERT INTO researchers (researcher_ID,first_name,last_name,gender,birth_date,org_ID,employment_starting_date) VALUES (  "18", "Heidi", "Duran", "F", "1995-09-16", "18", "2010-04-09");
INSERT INTO researchers (researcher_ID,first_name,last_name,gender,birth_date,org_ID,employment_starting_date) VALUES (  "19", "Ryan", "Myers", "M", "1980-06-26", "19", "2019-07-04");
INSERT INTO researchers (researcher_ID,first_name,last_name,gender,birth_date,org_ID,employment_starting_date) VALUES (  "20", "Kristen", "Alexander", "F", "1930-10-15", "20", "2018-03-01");
INSERT INTO researchers (researcher_ID,first_name,last_name,gender,birth_date,org_ID,employment_starting_date) VALUES (  "21", "Heather", "Kidd", "F", "1995-06-26", "21", "2020-01-28");
INSERT INTO researchers (researcher_ID,first_name,last_name,gender,birth_date,org_ID,employment_starting_date) VALUES (  "22", "Kyle", "Alvarez", "M", "1924-01-22", "22", "2017-03-20");
INSERT INTO researchers (researcher_ID,first_name,last_name,gender,birth_date,org_ID,employment_starting_date) VALUES (  "23", "Lisa", "Brown", "F", "1934-04-02", "23", "2010-09-26");
INSERT INTO researchers (researcher_ID,first_name,last_name,gender,birth_date,org_ID,employment_starting_date) VALUES (  "24", "James", "Aguirre", "M", "1980-08-22", "24", "2016-06-23");
INSERT INTO researchers (researcher_ID,first_name,last_name,gender,birth_date,org_ID,employment_starting_date) VALUES (  "25", "Jennifer", "Duarte", "F", "1995-09-18", "25", "2021-07-31");
INSERT INTO researchers (researcher_ID,first_name,last_name,gender,birth_date,org_ID,employment_starting_date) VALUES (  "26", "Kelly", "Estrada", "F", "1933-09-30", "26", "2014-06-15");
INSERT INTO researchers (researcher_ID,first_name,last_name,gender,birth_date,org_ID,employment_starting_date) VALUES (  "27", "Anne", "Salazar", "F", "1958-05-19", "27", "2019-12-04");
INSERT INTO researchers (researcher_ID,first_name,last_name,gender,birth_date,org_ID,employment_starting_date) VALUES (  "28", "Timothy", "Stanton", "M", "1987-09-04", "28", "2017-03-13");
INSERT INTO researchers (researcher_ID,first_name,last_name,gender,birth_date,org_ID,employment_starting_date) VALUES (  "29", "Alexander", "Thompson", "M", "1953-11-18", "29", "2017-08-07");
INSERT INTO researchers (researcher_ID,first_name,last_name,gender,birth_date,org_ID,employment_starting_date) VALUES (  "30", "Daniel", "Brooks", "M", "1979-07-11", "30", "2014-03-21");
INSERT INTO researchers (researcher_ID,first_name,last_name,gender,birth_date,org_ID,employment_starting_date) VALUES (  "31", "Pamela", "Edwards", "F", "1986-08-26", "14", "2018-05-15");
INSERT INTO researchers (researcher_ID,first_name,last_name,gender,birth_date,org_ID,employment_starting_date) VALUES (  "32", "Margaret", "Lowe", "F", "1952-04-26", "15", "2010-01-23");
INSERT INTO researchers (researcher_ID,first_name,last_name,gender,birth_date,org_ID,employment_starting_date) VALUES (  "33", "Ryan", "Andrews", "M", "1963-07-05", "30", "2011-03-03");
INSERT INTO researchers (researcher_ID,first_name,last_name,gender,birth_date,org_ID,employment_starting_date) VALUES (  "34", "Christopher", "Johnson", "M", "1982-08-25", "18", "2009-01-13");
INSERT INTO researchers (researcher_ID,first_name,last_name,gender,birth_date,org_ID,employment_starting_date) VALUES (  "35", "Amber", "Pearson", "F", "1930-10-04", "16", "2013-12-03");
INSERT INTO researchers (researcher_ID,first_name,last_name,gender,birth_date,org_ID,employment_starting_date) VALUES (  "36", "Allison", "Leon", "F", "1985-02-18", "30", "2021-11-01");
INSERT INTO researchers (researcher_ID,first_name,last_name,gender,birth_date,org_ID,employment_starting_date) VALUES (  "37", "Bryan", "Johnson", "M", "1940-04-28", "17", "2008-09-02");
INSERT INTO researchers (researcher_ID,first_name,last_name,gender,birth_date,org_ID,employment_starting_date) VALUES (  "38", "Cindy", "Barnes", "F", "1949-03-30", "13", "2019-10-22");
INSERT INTO researchers (researcher_ID,first_name,last_name,gender,birth_date,org_ID,employment_starting_date) VALUES (  "39", "Sylvia", "Hernandez", "F", "1964-05-11", "9", "2012-04-27");
INSERT INTO researchers (researcher_ID,first_name,last_name,gender,birth_date,org_ID,employment_starting_date) VALUES (  "40", "Patricia", "Green", "F", "1942-03-24", "20", "2014-03-04");
INSERT INTO researchers (researcher_ID,first_name,last_name,gender,birth_date,org_ID,employment_starting_date) VALUES (  "41", "Adam", "Powers", "M", "1955-08-25", "9", "2022-03-12");
INSERT INTO researchers (researcher_ID,first_name,last_name,gender,birth_date,org_ID,employment_starting_date) VALUES (  "42", "Eugene", "Fernandez", "M", "1986-08-28", "9", "2018-07-15");
INSERT INTO researchers (researcher_ID,first_name,last_name,gender,birth_date,org_ID,employment_starting_date) VALUES (  "43", "Brenda", "Holt", "F", "1974-02-16", "25", "2014-05-02");
INSERT INTO researchers (researcher_ID,first_name,last_name,gender,birth_date,org_ID,employment_starting_date) VALUES (  "44", "Leslie", "Aguilar", "F", "1964-06-08", "8", "2007-08-01");
INSERT INTO researchers (researcher_ID,first_name,last_name,gender,birth_date,org_ID,employment_starting_date) VALUES (  "45", "Jennifer", "Dominguez", "F", "1992-01-12", "15", "2021-04-13");
INSERT INTO researchers (researcher_ID,first_name,last_name,gender,birth_date,org_ID,employment_starting_date) VALUES (  "46", "Stephanie", "Roberts", "F", "1983-07-26", "9", "2012-01-15");
INSERT INTO researchers (researcher_ID,first_name,last_name,gender,birth_date,org_ID,employment_starting_date) VALUES (  "47", "Ricky", "Leonard", "M", "1987-03-01", "20", "2016-08-10");
INSERT INTO researchers (researcher_ID,first_name,last_name,gender,birth_date,org_ID,employment_starting_date) VALUES (  "48", "Jessica", "Vazquez", "F", "1938-11-30", "3", "2014-11-11");
INSERT INTO researchers (researcher_ID,first_name,last_name,gender,birth_date,org_ID,employment_starting_date) VALUES (  "49", "Loretta", "Salas", "F", "1946-08-04", "13", "2017-05-15");
INSERT INTO researchers (researcher_ID,first_name,last_name,gender,birth_date,org_ID,employment_starting_date) VALUES (  "50", "Debra", "Bell", "F", "1969-05-11", "9", "2018-12-24");
INSERT INTO researchers (researcher_ID,first_name,last_name,gender,birth_date,org_ID,employment_starting_date) VALUES (  "51", "Jason", "Fields", "M", "1981-02-11", "3", "2022-01-06");
INSERT INTO researchers (researcher_ID,first_name,last_name,gender,birth_date,org_ID,employment_starting_date) VALUES (  "52", "Richard", "Adams", "M", "1940-10-13", "16", "2020-12-27");
INSERT INTO researchers (researcher_ID,first_name,last_name,gender,birth_date,org_ID,employment_starting_date) VALUES (  "53", "David", "Webster", "M", "1950-04-26", "18", "2013-02-08");
INSERT INTO researchers (researcher_ID,first_name,last_name,gender,birth_date,org_ID,employment_starting_date) VALUES (  "54", "Brandon", "Perez", "M", "1970-10-21", "19", "2018-12-09");
INSERT INTO researchers (researcher_ID,first_name,last_name,gender,birth_date,org_ID,employment_starting_date) VALUES (  "55", "Michelle", "Shannon", "F", "1986-06-24", "9", "2010-09-20");
INSERT INTO researchers (researcher_ID,first_name,last_name,gender,birth_date,org_ID,employment_starting_date) VALUES (  "56", "Stephanie", "Edwards", "F", "1937-11-01", "15", "2010-10-20");
INSERT INTO researchers (researcher_ID,first_name,last_name,gender,birth_date,org_ID,employment_starting_date) VALUES (  "57", "Dawn", "Thompson", "F", "1985-04-11", "7", "2011-03-09");
INSERT INTO researchers (researcher_ID,first_name,last_name,gender,birth_date,org_ID,employment_starting_date) VALUES (  "58", "Sharon", "Mcdonald", "F", "1993-03-27", "2", "2015-01-30");
INSERT INTO researchers (researcher_ID,first_name,last_name,gender,birth_date,org_ID,employment_starting_date) VALUES (  "59", "Karen", "Ruiz", "F", "1935-09-05", "30", "2019-01-27");
INSERT INTO researchers (researcher_ID,first_name,last_name,gender,birth_date,org_ID,employment_starting_date) VALUES (  "60", "Kevin", "Gillespie", "M", "1928-04-25", "20", "2010-03-18");
INSERT INTO researchers (researcher_ID,first_name,last_name,gender,birth_date,org_ID,employment_starting_date) VALUES (  "61", "Amber", "Chapman", "F", "1991-06-17", "13", "2019-05-23");
INSERT INTO researchers (researcher_ID,first_name,last_name,gender,birth_date,org_ID,employment_starting_date) VALUES (  "62", "Danielle", "Herring", "F", "1995-07-07", "19", "2013-12-02");
INSERT INTO researchers (researcher_ID,first_name,last_name,gender,birth_date,org_ID,employment_starting_date) VALUES (  "63", "Joseph", "Rangel", "M", "1969-08-30", "30", "2011-11-24");
INSERT INTO researchers (researcher_ID,first_name,last_name,gender,birth_date,org_ID,employment_starting_date) VALUES (  "64", "Sarah", "Williams", "F", "1974-08-11", "14", "2019-08-13");
INSERT INTO researchers (researcher_ID,first_name,last_name,gender,birth_date,org_ID,employment_starting_date) VALUES (  "65", "Stephanie", "Rojas", "F", "1931-07-18", "30", "2013-01-22");
INSERT INTO researchers (researcher_ID,first_name,last_name,gender,birth_date,org_ID,employment_starting_date) VALUES (  "66", "Robin", "Chavez", "F", "1963-10-11", "27", "2010-01-23");
INSERT INTO researchers (researcher_ID,first_name,last_name,gender,birth_date,org_ID,employment_starting_date) VALUES (  "67", "Tina", "Costa", "F", "1994-12-07", "13", "2021-03-01");
INSERT INTO researchers (researcher_ID,first_name,last_name,gender,birth_date,org_ID,employment_starting_date) VALUES (  "68", "Mark", "Shea", "M", "1959-03-18", "8", "2008-08-19");
INSERT INTO researchers (researcher_ID,first_name,last_name,gender,birth_date,org_ID,employment_starting_date) VALUES (  "69", "Tracie", "Campbell", "F", "1976-09-28", "11", "2020-01-23");
INSERT INTO researchers (researcher_ID,first_name,last_name,gender,birth_date,org_ID,employment_starting_date) VALUES (  "70", "Aaron", "Harris", "M", "1977-03-29", "17", "2019-07-10");
INSERT INTO researchers (researcher_ID,first_name,last_name,gender,birth_date,org_ID,employment_starting_date) VALUES (  "71", "Robert", "Hunter", "M", "1956-01-25", "7", "2016-02-22");
INSERT INTO researchers (researcher_ID,first_name,last_name,gender,birth_date,org_ID,employment_starting_date) VALUES (  "72", "Casey", "Matthews", "M", "1981-03-16", "28", "2013-03-29");
INSERT INTO researchers (researcher_ID,first_name,last_name,gender,birth_date,org_ID,employment_starting_date) VALUES (  "73", "Ronald", "Wiggins", "M", "1972-01-27", "10", "2008-05-06");
INSERT INTO researchers (researcher_ID,first_name,last_name,gender,birth_date,org_ID,employment_starting_date) VALUES (  "74", "Manuel", "Nelson", "M", "1988-09-29", "28", "2020-11-27");
INSERT INTO researchers (researcher_ID,first_name,last_name,gender,birth_date,org_ID,employment_starting_date) VALUES (  "75", "Heather", "Peterson", "F", "1954-01-11", "5", "2015-04-25");
INSERT INTO researchers (researcher_ID,first_name,last_name,gender,birth_date,org_ID,employment_starting_date) VALUES (  "76", "Raymond", "Weber", "M", "1983-10-03", "3", "2020-06-25");
INSERT INTO researchers (researcher_ID,first_name,last_name,gender,birth_date,org_ID,employment_starting_date) VALUES (  "77", "Derrick", "Avila", "M", "1955-11-06", "22", "2009-10-17");
INSERT INTO researchers (researcher_ID,first_name,last_name,gender,birth_date,org_ID,employment_starting_date) VALUES (  "78", "Elizabeth", "Trevino", "F", "1973-05-16", "16", "2020-01-31");
INSERT INTO researchers (researcher_ID,first_name,last_name,gender,birth_date,org_ID,employment_starting_date) VALUES (  "79", "Benjamin", "Vega", "M", "1927-10-19", "17", "2014-04-04");
INSERT INTO researchers (researcher_ID,first_name,last_name,gender,birth_date,org_ID,employment_starting_date) VALUES (  "80", "Gary", "Hill", "M", "1980-06-26", "27", "2012-12-11");
INSERT INTO researchers (researcher_ID,first_name,last_name,gender,birth_date,org_ID,employment_starting_date) VALUES (  "81", "Alexander", "Chen", "M", "1942-11-27", "3", "2013-06-15");
INSERT INTO researchers (researcher_ID,first_name,last_name,gender,birth_date,org_ID,employment_starting_date) VALUES (  "82", "Ryan", "Mitchell", "M", "1977-09-14", "8", "2017-03-21");
INSERT INTO researchers (researcher_ID,first_name,last_name,gender,birth_date,org_ID,employment_starting_date) VALUES (  "83", "Richard", "White", "M", "1944-02-26", "4", "2008-01-15");
INSERT INTO researchers (researcher_ID,first_name,last_name,gender,birth_date,org_ID,employment_starting_date) VALUES (  "84", "Matthew", "Haney", "M", "1959-01-15", "17", "2017-02-15");
INSERT INTO researchers (researcher_ID,first_name,last_name,gender,birth_date,org_ID,employment_starting_date) VALUES (  "85", "Lori", "Peck", "F", "1958-01-11", "3", "2013-05-23");
INSERT INTO researchers (researcher_ID,first_name,last_name,gender,birth_date,org_ID,employment_starting_date) VALUES (  "86", "Gabriel", "Sims", "M", "1962-01-09", "6", "2021-01-15");
INSERT INTO researchers (researcher_ID,first_name,last_name,gender,birth_date,org_ID,employment_starting_date) VALUES (  "87", "Kurt", "Brown", "M", "1926-01-29", "27", "2011-01-28");
INSERT INTO researchers (researcher_ID,first_name,last_name,gender,birth_date,org_ID,employment_starting_date) VALUES (  "88", "Michael", "Stewart", "M", "1961-06-10", "17", "2013-08-31");
INSERT INTO researchers (researcher_ID,first_name,last_name,gender,birth_date,org_ID,employment_starting_date) VALUES (  "89", "Cindy", "Warner", "F", "1971-02-06", "29", "2015-06-25");
INSERT INTO researchers (researcher_ID,first_name,last_name,gender,birth_date,org_ID,employment_starting_date) VALUES (  "90", "Kathleen", "Parker", "F", "1953-06-12", "29", "2009-02-16");
INSERT INTO researchers (researcher_ID,first_name,last_name,gender,birth_date,org_ID,employment_starting_date) VALUES (  "91", "Alexander", "Miller", "M", "1930-09-17", "10", "2012-02-10");
INSERT INTO researchers (researcher_ID,first_name,last_name,gender,birth_date,org_ID,employment_starting_date) VALUES (  "92", "Sarah", "Stevenson", "F", "1989-04-16", "27", "2007-09-20");
INSERT INTO researchers (researcher_ID,first_name,last_name,gender,birth_date,org_ID,employment_starting_date) VALUES (  "93", "Anthony", "Hughes", "M", "1977-02-14", "22", "2022-01-05");
INSERT INTO researchers (researcher_ID,first_name,last_name,gender,birth_date,org_ID,employment_starting_date) VALUES (  "94", "Deanna", "Cooper", "F", "1985-06-06", "1", "2016-12-09");
INSERT INTO researchers (researcher_ID,first_name,last_name,gender,birth_date,org_ID,employment_starting_date) VALUES (  "95", "Debra", "Contreras", "F", "1931-11-23", "22", "2020-07-01");
INSERT INTO researchers (researcher_ID,first_name,last_name,gender,birth_date,org_ID,employment_starting_date) VALUES (  "96", "Tracy", "Nelson", "M", "1930-05-10", "23", "2009-09-24");
INSERT INTO researchers (researcher_ID,first_name,last_name,gender,birth_date,org_ID,employment_starting_date) VALUES (  "97", "Sherri", "Bishop", "F", "1941-09-28", "21", "2021-06-17");
INSERT INTO researchers (researcher_ID,first_name,last_name,gender,birth_date,org_ID,employment_starting_date) VALUES (  "98", "Aaron", "Sloan", "M", "1986-05-21", "14", "2011-03-13");
INSERT INTO researchers (researcher_ID,first_name,last_name,gender,birth_date,org_ID,employment_starting_date) VALUES (  "99", "Jonathan", "Bird", "M", "1983-05-05", "27", "2014-04-09");
INSERT INTO researchers (researcher_ID,first_name,last_name,gender,birth_date,org_ID,employment_starting_date) VALUES (  "100", "Ronald", "Sampson", "M", "1945-06-10", "6", "2019-07-23");






INSERT INTO scientific_field (scientific_field_name) VALUES ( "Physics");
INSERT INTO scientific_field (scientific_field_name) VALUES ( "Aerodynamics & Hydrodynamics");
INSERT INTO scientific_field (scientific_field_name) VALUES ( "Biology & Health");
INSERT INTO scientific_field (scientific_field_name) VALUES ( "Agricultural Science");
INSERT INTO scientific_field (scientific_field_name) VALUES ( "Math & Computer Science");
INSERT INTO scientific_field (scientific_field_name) VALUES ( "Managment");
INSERT INTO scientific_field (scientific_field_name) VALUES ( "Social Science");
INSERT INTO scientific_field (scientific_field_name) VALUES ( "Computer Engineering");
INSERT INTO scientific_field (scientific_field_name) VALUES ( "Power & Environment");






INSERT INTO university (university_ID,ministry_budget,org_ID) VALUES (  "1", "8000000", "6");
INSERT INTO university (university_ID,ministry_budget,org_ID) VALUES (  "2", "6000000", "7");
INSERT INTO university (university_ID,ministry_budget,org_ID) VALUES (  "3", "8000000", "8");
INSERT INTO university (university_ID,ministry_budget,org_ID) VALUES (  "4", "1000000", "9");
INSERT INTO university (university_ID,ministry_budget,org_ID) VALUES (  "5", "9000000", "10");
INSERT INTO university (university_ID,ministry_budget,org_ID) VALUES (  "6", "10000000", "11");
INSERT INTO university (university_ID,ministry_budget,org_ID) VALUES (  "7", "5000000", "12");
INSERT INTO university (university_ID,ministry_budget,org_ID) VALUES (  "8", "3000000", "13");
INSERT INTO university (university_ID,ministry_budget,org_ID) VALUES (  "9", "6000000", "14");
INSERT INTO university (university_ID,ministry_budget,org_ID) VALUES (  "10", "10000000", "15");
INSERT INTO university (university_ID,ministry_budget,org_ID) VALUES (  "11", "1000000", "16");
INSERT INTO university (university_ID,ministry_budget,org_ID) VALUES (  "12", "2000000", "17");
INSERT INTO university (university_ID,ministry_budget,org_ID) VALUES (  "13", "9000000", "18");
INSERT INTO university (university_ID,ministry_budget,org_ID) VALUES (  "14", "8000000", "19");
INSERT INTO university (university_ID,ministry_budget,org_ID) VALUES (  "15", "6000000", "20");






INSERT INTO works (researcher_ID,project_ID) VALUES ("17", "139");
INSERT INTO works (researcher_ID,project_ID) VALUES ("65", "177");
INSERT INTO works (researcher_ID,project_ID) VALUES ("36", "159");
INSERT INTO works (researcher_ID,project_ID) VALUES ("54", "177");
INSERT INTO works (researcher_ID,project_ID) VALUES ("26", "113");
INSERT INTO works (researcher_ID,project_ID) VALUES ("6", "197");
INSERT INTO works (researcher_ID,project_ID) VALUES ("2", "114");
INSERT INTO works (researcher_ID,project_ID) VALUES ("83", "75");
INSERT INTO works (researcher_ID,project_ID) VALUES ("74", "86");
INSERT INTO works (researcher_ID,project_ID) VALUES ("7", "106");
INSERT INTO works (researcher_ID,project_ID) VALUES ("33", "157");
INSERT INTO works (researcher_ID,project_ID) VALUES ("94", "23");
INSERT INTO works (researcher_ID,project_ID) VALUES ("70", "91");
INSERT INTO works (researcher_ID,project_ID) VALUES ("40", "157");
INSERT INTO works (researcher_ID,project_ID) VALUES ("83", "93");
INSERT INTO works (researcher_ID,project_ID) VALUES ("24", "26");
INSERT INTO works (researcher_ID,project_ID) VALUES ("3", "101");
INSERT INTO works (researcher_ID,project_ID) VALUES ("28", "13");
INSERT INTO works (researcher_ID,project_ID) VALUES ("9", "200");
INSERT INTO works (researcher_ID,project_ID) VALUES ("78", "30");
INSERT INTO works (researcher_ID,project_ID) VALUES ("37", "7");
INSERT INTO works (researcher_ID,project_ID) VALUES ("55", "57");
INSERT INTO works (researcher_ID,project_ID) VALUES ("62", "113");
INSERT INTO works (researcher_ID,project_ID) VALUES ("93", "113");
INSERT INTO works (researcher_ID,project_ID) VALUES ("36", "92");
INSERT INTO works (researcher_ID,project_ID) VALUES ("10", "31");
INSERT INTO works (researcher_ID,project_ID) VALUES ("37", "50");
INSERT INTO works (researcher_ID,project_ID) VALUES ("11", "131");
INSERT INTO works (researcher_ID,project_ID) VALUES ("33", "179");
INSERT INTO works (researcher_ID,project_ID) VALUES ("59", "45");
INSERT INTO works (researcher_ID,project_ID) VALUES ("29", "152");
INSERT INTO works (researcher_ID,project_ID) VALUES ("66", "8");
INSERT INTO works (researcher_ID,project_ID) VALUES ("87", "79");
INSERT INTO works (researcher_ID,project_ID) VALUES ("90", "117");
INSERT INTO works (researcher_ID,project_ID) VALUES ("36", "23");
INSERT INTO works (researcher_ID,project_ID) VALUES ("42", "152");
INSERT INTO works (researcher_ID,project_ID) VALUES ("94", "156");
INSERT INTO works (researcher_ID,project_ID) VALUES ("3", "89");
INSERT INTO works (researcher_ID,project_ID) VALUES ("38", "174");
INSERT INTO works (researcher_ID,project_ID) VALUES ("15", "141");
INSERT INTO works (researcher_ID,project_ID) VALUES ("35", "26");
INSERT INTO works (researcher_ID,project_ID) VALUES ("72", "117");
INSERT INTO works (researcher_ID,project_ID) VALUES ("34", "119");
INSERT INTO works (researcher_ID,project_ID) VALUES ("39", "192");
INSERT INTO works (researcher_ID,project_ID) VALUES ("82", "124");
INSERT INTO works (researcher_ID,project_ID) VALUES ("3", "135");
INSERT INTO works (researcher_ID,project_ID) VALUES ("76", "151");
INSERT INTO works (researcher_ID,project_ID) VALUES ("6", "18");
INSERT INTO works (researcher_ID,project_ID) VALUES ("1", "167");
INSERT INTO works (researcher_ID,project_ID) VALUES ("43", "108");
INSERT INTO works (researcher_ID,project_ID) VALUES ("98", "178");
INSERT INTO works (researcher_ID,project_ID) VALUES ("54", "160");
INSERT INTO works (researcher_ID,project_ID) VALUES ("100", "45");
INSERT INTO works (researcher_ID,project_ID) VALUES ("42", "192");
INSERT INTO works (researcher_ID,project_ID) VALUES ("5", "78");
INSERT INTO works (researcher_ID,project_ID) VALUES ("58", "43");
INSERT INTO works (researcher_ID,project_ID) VALUES ("20", "198");
INSERT INTO works (researcher_ID,project_ID) VALUES ("85", "173");
INSERT INTO works (researcher_ID,project_ID) VALUES ("59", "112");
INSERT INTO works (researcher_ID,project_ID) VALUES ("13", "89");
INSERT INTO works (researcher_ID,project_ID) VALUES ("95", "82");
INSERT INTO works (researcher_ID,project_ID) VALUES ("39", "73");
INSERT INTO works (researcher_ID,project_ID) VALUES ("100", "33");
INSERT INTO works (researcher_ID,project_ID) VALUES ("48", "125");
INSERT INTO works (researcher_ID,project_ID) VALUES ("35", "123");
INSERT INTO works (researcher_ID,project_ID) VALUES ("26", "173");
INSERT INTO works (researcher_ID,project_ID) VALUES ("20", "47");
INSERT INTO works (researcher_ID,project_ID) VALUES ("81", "100");
INSERT INTO works (researcher_ID,project_ID) VALUES ("9", "25");
INSERT INTO works (researcher_ID,project_ID) VALUES ("54", "144");
INSERT INTO works (researcher_ID,project_ID) VALUES ("7", "73");
INSERT INTO works (researcher_ID,project_ID) VALUES ("62", "12");
INSERT INTO works (researcher_ID,project_ID) VALUES ("44", "132");
INSERT INTO works (researcher_ID,project_ID) VALUES ("1", "35");
INSERT INTO works (researcher_ID,project_ID) VALUES ("42", "195");
INSERT INTO works (researcher_ID,project_ID) VALUES ("46", "42");
INSERT INTO works (researcher_ID,project_ID) VALUES ("33", "142");
INSERT INTO works (researcher_ID,project_ID) VALUES ("34", "127");
INSERT INTO works (researcher_ID,project_ID) VALUES ("21", "1");
INSERT INTO works (researcher_ID,project_ID) VALUES ("37", "87");
INSERT INTO works (researcher_ID,project_ID) VALUES ("67", "102");
INSERT INTO works (researcher_ID,project_ID) VALUES ("1", "135");
INSERT INTO works (researcher_ID,project_ID) VALUES ("39", "119");
INSERT INTO works (researcher_ID,project_ID) VALUES ("94", "152");
INSERT INTO works (researcher_ID,project_ID) VALUES ("62", "114");
INSERT INTO works (researcher_ID,project_ID) VALUES ("51", "117");
INSERT INTO works (researcher_ID,project_ID) VALUES ("14", "112");
INSERT INTO works (researcher_ID,project_ID) VALUES ("10", "55");
INSERT INTO works (researcher_ID,project_ID) VALUES ("78", "196");
INSERT INTO works (researcher_ID,project_ID) VALUES ("92", "73");
INSERT INTO works (researcher_ID,project_ID) VALUES ("18", "159");
INSERT INTO works (researcher_ID,project_ID) VALUES ("83", "198");
INSERT INTO works (researcher_ID,project_ID) VALUES ("91", "38");
INSERT INTO works (researcher_ID,project_ID) VALUES ("31", "57");
INSERT INTO works (researcher_ID,project_ID) VALUES ("32", "134");
INSERT INTO works (researcher_ID,project_ID) VALUES ("79", "32");
INSERT INTO works (researcher_ID,project_ID) VALUES ("10", "14");
INSERT INTO works (researcher_ID,project_ID) VALUES ("54", "33");
INSERT INTO works (researcher_ID,project_ID) VALUES ("78", "1");
INSERT INTO works (researcher_ID,project_ID) VALUES ("55", "174");
INSERT INTO works (researcher_ID,project_ID) VALUES ("4", "6");
INSERT INTO works (researcher_ID,project_ID) VALUES ("52", "57");
INSERT INTO works (researcher_ID,project_ID) VALUES ("46", "131");
INSERT INTO works (researcher_ID,project_ID) VALUES ("98", "4");
INSERT INTO works (researcher_ID,project_ID) VALUES ("56", "15");
INSERT INTO works (researcher_ID,project_ID) VALUES ("94", "145");
INSERT INTO works (researcher_ID,project_ID) VALUES ("22", "133");
INSERT INTO works (researcher_ID,project_ID) VALUES ("88", "74");
INSERT INTO works (researcher_ID,project_ID) VALUES ("1", "93");
INSERT INTO works (researcher_ID,project_ID) VALUES ("44", "128");
INSERT INTO works (researcher_ID,project_ID) VALUES ("33", "120");
INSERT INTO works (researcher_ID,project_ID) VALUES ("5", "4");
INSERT INTO works (researcher_ID,project_ID) VALUES ("39", "154");
INSERT INTO works (researcher_ID,project_ID) VALUES ("99", "63");
INSERT INTO works (researcher_ID,project_ID) VALUES ("100", "5");
INSERT INTO works (researcher_ID,project_ID) VALUES ("44", "65");
INSERT INTO works (researcher_ID,project_ID) VALUES ("42", "154");
INSERT INTO works (researcher_ID,project_ID) VALUES ("73", "183");
INSERT INTO works (researcher_ID,project_ID) VALUES ("13", "115");
INSERT INTO works (researcher_ID,project_ID) VALUES ("22", "75");
INSERT INTO works (researcher_ID,project_ID) VALUES ("92", "132");
INSERT INTO works (researcher_ID,project_ID) VALUES ("79", "119");
INSERT INTO works (researcher_ID,project_ID) VALUES ("7", "69");
INSERT INTO works (researcher_ID,project_ID) VALUES ("75", "145");
INSERT INTO works (researcher_ID,project_ID) VALUES ("89", "89");
INSERT INTO works (researcher_ID,project_ID) VALUES ("1", "71");
INSERT INTO works (researcher_ID,project_ID) VALUES ("44", "12");
INSERT INTO works (researcher_ID,project_ID) VALUES ("48", "41");
INSERT INTO works (researcher_ID,project_ID) VALUES ("24", "102");
INSERT INTO works (researcher_ID,project_ID) VALUES ("31", "17");
INSERT INTO works (researcher_ID,project_ID) VALUES ("92", "199");
INSERT INTO works (researcher_ID,project_ID) VALUES ("66", "98");
INSERT INTO works (researcher_ID,project_ID) VALUES ("38", "111");
INSERT INTO works (researcher_ID,project_ID) VALUES ("66", "23");
INSERT INTO works (researcher_ID,project_ID) VALUES ("88", "12");
INSERT INTO works (researcher_ID,project_ID) VALUES ("97", "152");
INSERT INTO works (researcher_ID,project_ID) VALUES ("89", "82");
INSERT INTO works (researcher_ID,project_ID) VALUES ("17", "144");
INSERT INTO works (researcher_ID,project_ID) VALUES ("81", "32");
INSERT INTO works (researcher_ID,project_ID) VALUES ("33", "121");
INSERT INTO works (researcher_ID,project_ID) VALUES ("1", "23");
INSERT INTO works (researcher_ID,project_ID) VALUES ("30", "96");
INSERT INTO works (researcher_ID,project_ID) VALUES ("74", "53");
INSERT INTO works (researcher_ID,project_ID) VALUES ("13", "53");
INSERT INTO works (researcher_ID,project_ID) VALUES ("73", "64");
INSERT INTO works (researcher_ID,project_ID) VALUES ("64", "53");
INSERT INTO works (researcher_ID,project_ID) VALUES ("97", "86");
INSERT INTO works (researcher_ID,project_ID) VALUES ("55", "167");
INSERT INTO works (researcher_ID,project_ID) VALUES ("14", "48");
INSERT INTO works (researcher_ID,project_ID) VALUES ("23", "199");
INSERT INTO works (researcher_ID,project_ID) VALUES ("44", "181");
INSERT INTO works (researcher_ID,project_ID) VALUES ("92", "15");
INSERT INTO works (researcher_ID,project_ID) VALUES ("26", "56");
INSERT INTO works (researcher_ID,project_ID) VALUES ("54", "140");
INSERT INTO works (researcher_ID,project_ID) VALUES ("1", "25");
INSERT INTO works (researcher_ID,project_ID) VALUES ("57", "63");
INSERT INTO works (researcher_ID,project_ID) VALUES ("68", "118");
INSERT INTO works (researcher_ID,project_ID) VALUES ("59", "106");
INSERT INTO works (researcher_ID,project_ID) VALUES ("56", "83");
INSERT INTO works (researcher_ID,project_ID) VALUES ("73", "146");
INSERT INTO works (researcher_ID,project_ID) VALUES ("55", "46");
INSERT INTO works (researcher_ID,project_ID) VALUES ("71", "185");
INSERT INTO works (researcher_ID,project_ID) VALUES ("61", "200");
INSERT INTO works (researcher_ID,project_ID) VALUES ("100", "88");
INSERT INTO works (researcher_ID,project_ID) VALUES ("98", "105");
INSERT INTO works (researcher_ID,project_ID) VALUES ("47", "159");
INSERT INTO works (researcher_ID,project_ID) VALUES ("70", "37");
INSERT INTO works (researcher_ID,project_ID) VALUES ("69", "31");
INSERT INTO works (researcher_ID,project_ID) VALUES ("30", "48");
INSERT INTO works (researcher_ID,project_ID) VALUES ("89", "162");
INSERT INTO works (researcher_ID,project_ID) VALUES ("100", "85");
INSERT INTO works (researcher_ID,project_ID) VALUES ("73", "44");
INSERT INTO works (researcher_ID,project_ID) VALUES ("83", "65");
INSERT INTO works (researcher_ID,project_ID) VALUES ("21", "41");
INSERT INTO works (researcher_ID,project_ID) VALUES ("71", "160");
INSERT INTO works (researcher_ID,project_ID) VALUES ("76", "82");
INSERT INTO works (researcher_ID,project_ID) VALUES ("24", "13");
INSERT INTO works (researcher_ID,project_ID) VALUES ("23", "151");
INSERT INTO works (researcher_ID,project_ID) VALUES ("22", "179");
INSERT INTO works (researcher_ID,project_ID) VALUES ("25", "161");
INSERT INTO works (researcher_ID,project_ID) VALUES ("70", "73");
INSERT INTO works (researcher_ID,project_ID) VALUES ("37", "77");
INSERT INTO works (researcher_ID,project_ID) VALUES ("87", "26");
INSERT INTO works (researcher_ID,project_ID) VALUES ("1", "180");
INSERT INTO works (researcher_ID,project_ID) VALUES ("31", "128");
INSERT INTO works (researcher_ID,project_ID) VALUES ("54", "3");
INSERT INTO works (researcher_ID,project_ID) VALUES ("77", "154");
INSERT INTO works (researcher_ID,project_ID) VALUES ("28", "7");
INSERT INTO works (researcher_ID,project_ID) VALUES ("28", "156");
INSERT INTO works (researcher_ID,project_ID) VALUES ("29", "89");
INSERT INTO works (researcher_ID,project_ID) VALUES ("42", "47");
INSERT INTO works (researcher_ID,project_ID) VALUES ("25", "118");
INSERT INTO works (researcher_ID,project_ID) VALUES ("33", "6");
INSERT INTO works (researcher_ID,project_ID) VALUES ("89", "151");
INSERT INTO works (researcher_ID,project_ID) VALUES ("7", "11");
INSERT INTO works (researcher_ID,project_ID) VALUES ("84", "37");
INSERT INTO works (researcher_ID,project_ID) VALUES ("29", "144");
INSERT INTO works (researcher_ID,project_ID) VALUES ("58", "39");
INSERT INTO works (researcher_ID,project_ID) VALUES ("50", "150");
INSERT INTO works (researcher_ID,project_ID) VALUES ("98", "190");
INSERT INTO works (researcher_ID,project_ID) VALUES ("57", "49");
INSERT INTO works (researcher_ID,project_ID) VALUES ("3", "112");
INSERT INTO works (researcher_ID,project_ID) VALUES ("99", "13");
INSERT INTO works (researcher_ID,project_ID) VALUES ("13", "179");
INSERT INTO works (researcher_ID,project_ID) VALUES ("83", "42");
INSERT INTO works (researcher_ID,project_ID) VALUES ("40", "180");
INSERT INTO works (researcher_ID,project_ID) VALUES ("100", "41");
INSERT INTO works (researcher_ID,project_ID) VALUES ("15", "68");
INSERT INTO works (researcher_ID,project_ID) VALUES ("8", "85");
INSERT INTO works (researcher_ID,project_ID) VALUES ("1", "85");
INSERT INTO works (researcher_ID,project_ID) VALUES ("35", "109");
INSERT INTO works (researcher_ID,project_ID) VALUES ("45", "17");
INSERT INTO works (researcher_ID,project_ID) VALUES ("62", "45");
INSERT INTO works (researcher_ID,project_ID) VALUES ("1", "181");
INSERT INTO works (researcher_ID,project_ID) VALUES ("10", "28");
INSERT INTO works (researcher_ID,project_ID) VALUES ("40", "76");
INSERT INTO works (researcher_ID,project_ID) VALUES ("7", "169");
INSERT INTO works (researcher_ID,project_ID) VALUES ("76", "164");
INSERT INTO works (researcher_ID,project_ID) VALUES ("88", "166");
INSERT INTO works (researcher_ID,project_ID) VALUES ("53", "82");
INSERT INTO works (researcher_ID,project_ID) VALUES ("31", "122");
INSERT INTO works (researcher_ID,project_ID) VALUES ("49", "165");
INSERT INTO works (researcher_ID,project_ID) VALUES ("25", "9");
INSERT INTO works (researcher_ID,project_ID) VALUES ("9", "109");
INSERT INTO works (researcher_ID,project_ID) VALUES ("13", "23");
INSERT INTO works (researcher_ID,project_ID) VALUES ("53", "119");
INSERT INTO works (researcher_ID,project_ID) VALUES ("90", "120");
INSERT INTO works (researcher_ID,project_ID) VALUES ("49", "178");
INSERT INTO works (researcher_ID,project_ID) VALUES ("70", "5");
INSERT INTO works (researcher_ID,project_ID) VALUES ("84", "178");
INSERT INTO works (researcher_ID,project_ID) VALUES ("76", "23");
INSERT INTO works (researcher_ID,project_ID) VALUES ("59", "126");
INSERT INTO works (researcher_ID,project_ID) VALUES ("10", "26");
INSERT INTO works (researcher_ID,project_ID) VALUES ("2", "106");
INSERT INTO works (researcher_ID,project_ID) VALUES ("50", "127");
INSERT INTO works (researcher_ID,project_ID) VALUES ("58", "114");
INSERT INTO works (researcher_ID,project_ID) VALUES ("59", "51");
INSERT INTO works (researcher_ID,project_ID) VALUES ("83", "47");
INSERT INTO works (researcher_ID,project_ID) VALUES ("40", "29");
INSERT INTO works (researcher_ID,project_ID) VALUES ("3", "31");
INSERT INTO works (researcher_ID,project_ID) VALUES ("52", "5");
INSERT INTO works (researcher_ID,project_ID) VALUES ("62", "135");
INSERT INTO works (researcher_ID,project_ID) VALUES ("38", "169");
INSERT INTO works (researcher_ID,project_ID) VALUES ("59", "70");
INSERT INTO works (researcher_ID,project_ID) VALUES ("100", "51");
INSERT INTO works (researcher_ID,project_ID) VALUES ("19", "125");
INSERT INTO works (researcher_ID,project_ID) VALUES ("77", "33");
INSERT INTO works (researcher_ID,project_ID) VALUES ("85", "92");
INSERT INTO works (researcher_ID,project_ID) VALUES ("73", "82");
INSERT INTO works (researcher_ID,project_ID) VALUES ("29", "115");
INSERT INTO works (researcher_ID,project_ID) VALUES ("37", "94");
INSERT INTO works (researcher_ID,project_ID) VALUES ("67", "78");
INSERT INTO works (researcher_ID,project_ID) VALUES ("23", "179");
INSERT INTO works (researcher_ID,project_ID) VALUES ("92", "1");
INSERT INTO works (researcher_ID,project_ID) VALUES ("52", "73");
INSERT INTO works (researcher_ID,project_ID) VALUES ("58", "95");
INSERT INTO works (researcher_ID,project_ID) VALUES ("73", "164");
INSERT INTO works (researcher_ID,project_ID) VALUES ("11", "187");
INSERT INTO works (researcher_ID,project_ID) VALUES ("79", "85");
INSERT INTO works (researcher_ID,project_ID) VALUES ("77", "29");
INSERT INTO works (researcher_ID,project_ID) VALUES ("35", "149");
INSERT INTO works (researcher_ID,project_ID) VALUES ("69", "155");
INSERT INTO works (researcher_ID,project_ID) VALUES ("35", "95");
INSERT INTO works (researcher_ID,project_ID) VALUES ("52", "186");
INSERT INTO works (researcher_ID,project_ID) VALUES ("8", "18");
INSERT INTO works (researcher_ID,project_ID) VALUES ("85", "125");
INSERT INTO works (researcher_ID,project_ID) VALUES ("42", "23");
INSERT INTO works (researcher_ID,project_ID) VALUES ("56", "182");
INSERT INTO works (researcher_ID,project_ID) VALUES ("91", "68");
INSERT INTO works (researcher_ID,project_ID) VALUES ("13", "185");
INSERT INTO works (researcher_ID,project_ID) VALUES ("9", "76");
INSERT INTO works (researcher_ID,project_ID) VALUES ("9", "57");
INSERT INTO works (researcher_ID,project_ID) VALUES ("66", "178");
INSERT INTO works (researcher_ID,project_ID) VALUES ("10", "190");
INSERT INTO works (researcher_ID,project_ID) VALUES ("22", "9");
INSERT INTO works (researcher_ID,project_ID) VALUES ("84", "181");
INSERT INTO works (researcher_ID,project_ID) VALUES ("72", "37");
INSERT INTO works (researcher_ID,project_ID) VALUES ("80", "195");
INSERT INTO works (researcher_ID,project_ID) VALUES ("51", "172");
INSERT INTO works (researcher_ID,project_ID) VALUES ("49", "124");
INSERT INTO works (researcher_ID,project_ID) VALUES ("37", "42");
INSERT INTO works (researcher_ID,project_ID) VALUES ("16", "131");
INSERT INTO works (researcher_ID,project_ID) VALUES ("39", "10");
INSERT INTO works (researcher_ID,project_ID) VALUES ("31", "110");
INSERT INTO works (researcher_ID,project_ID) VALUES ("83", "81");
INSERT INTO works (researcher_ID,project_ID) VALUES ("1", "165");
INSERT INTO works (researcher_ID,project_ID) VALUES ("89", "77");
INSERT INTO works (researcher_ID,project_ID) VALUES ("68", "138");
INSERT INTO works (researcher_ID,project_ID) VALUES ("65", "87");
INSERT INTO works (researcher_ID,project_ID) VALUES ("97", "133");
INSERT INTO works (researcher_ID,project_ID) VALUES ("84", "137");
INSERT INTO works (researcher_ID,project_ID) VALUES ("27", "129");
INSERT INTO works (researcher_ID,project_ID) VALUES ("16", "139");
INSERT INTO works (researcher_ID,project_ID) VALUES ("40", "195");
INSERT INTO works (researcher_ID,project_ID) VALUES ("55", "136");
INSERT INTO works (researcher_ID,project_ID) VALUES ("11", "170");
INSERT INTO works (researcher_ID,project_ID) VALUES ("29", "51");
INSERT INTO works (researcher_ID,project_ID) VALUES ("30", "144");
INSERT INTO works (researcher_ID,project_ID) VALUES ("15", "134");
INSERT INTO works (researcher_ID,project_ID) VALUES ("94", "81");
INSERT INTO works (researcher_ID,project_ID) VALUES ("87", "114");
INSERT INTO works (researcher_ID,project_ID) VALUES ("63", "145");
INSERT INTO works (researcher_ID,project_ID) VALUES ("70", "148");
INSERT INTO works (researcher_ID,project_ID) VALUES ("20", "77");
INSERT INTO works (researcher_ID,project_ID) VALUES ("18", "168");
INSERT INTO works (researcher_ID,project_ID) VALUES ("33", "144");
INSERT INTO works (researcher_ID,project_ID) VALUES ("31", "102");
INSERT INTO works (researcher_ID,project_ID) VALUES ("52", "182");
INSERT INTO works (researcher_ID,project_ID) VALUES ("50", "175");
INSERT INTO works (researcher_ID,project_ID) VALUES ("16", "106");
INSERT INTO works (researcher_ID,project_ID) VALUES ("85", "194");
INSERT INTO works (researcher_ID,project_ID) VALUES ("22", "146");
INSERT INTO works (researcher_ID,project_ID) VALUES ("18", "94");
INSERT INTO works (researcher_ID,project_ID) VALUES ("91", "59");
INSERT INTO works (researcher_ID,project_ID) VALUES ("24", "142");
INSERT INTO works (researcher_ID,project_ID) VALUES ("77", "200");
INSERT INTO works (researcher_ID,project_ID) VALUES ("38", "136");
INSERT INTO works (researcher_ID,project_ID) VALUES ("8", "8");
INSERT INTO works (researcher_ID,project_ID) VALUES ("3", "156");
INSERT INTO works (researcher_ID,project_ID) VALUES ("66", "164");
INSERT INTO works (researcher_ID,project_ID) VALUES ("14", "52");
INSERT INTO works (researcher_ID,project_ID) VALUES ("16", "56");
INSERT INTO works (researcher_ID,project_ID) VALUES ("17", "11");
INSERT INTO works (researcher_ID,project_ID) VALUES ("11", "13");
INSERT INTO works (researcher_ID,project_ID) VALUES ("67", "66");
INSERT INTO works (researcher_ID,project_ID) VALUES ("62", "44");
INSERT INTO works (researcher_ID,project_ID) VALUES ("3", "3");
INSERT INTO works (researcher_ID,project_ID) VALUES ("72", "124");
INSERT INTO works (researcher_ID,project_ID) VALUES ("48", "48");
INSERT INTO works (researcher_ID,project_ID) VALUES ("20", "89");
INSERT INTO works (researcher_ID,project_ID) VALUES ("88", "165");
INSERT INTO works (researcher_ID,project_ID) VALUES ("13", "6");
INSERT INTO works (researcher_ID,project_ID) VALUES ("86", "74");
INSERT INTO works (researcher_ID,project_ID) VALUES ("28", "192");
INSERT INTO works (researcher_ID,project_ID) VALUES ("52", "2");
INSERT INTO works (researcher_ID,project_ID) VALUES ("99", "19");
INSERT INTO works (researcher_ID,project_ID) VALUES ("54", "173");
INSERT INTO works (researcher_ID,project_ID) VALUES ("60", "83");
INSERT INTO works (researcher_ID,project_ID) VALUES ("3", "152");
INSERT INTO works (researcher_ID,project_ID) VALUES ("8", "159");
INSERT INTO works (researcher_ID,project_ID) VALUES ("27", "12");
INSERT INTO works (researcher_ID,project_ID) VALUES ("84", "22");
INSERT INTO works (researcher_ID,project_ID) VALUES ("66", "73");
INSERT INTO works (researcher_ID,project_ID) VALUES ("48", "30");
INSERT INTO works (researcher_ID,project_ID) VALUES ("35", "72");
INSERT INTO works (researcher_ID,project_ID) VALUES ("43", "97");
INSERT INTO works (researcher_ID,project_ID) VALUES ("74", "58");
INSERT INTO works (researcher_ID,project_ID) VALUES ("67", "67");
INSERT INTO works (researcher_ID,project_ID) VALUES ("50", "164");
INSERT INTO works (researcher_ID,project_ID) VALUES ("32", "120");
INSERT INTO works (researcher_ID,project_ID) VALUES ("63", "57");
INSERT INTO works (researcher_ID,project_ID) VALUES ("70", "143");
INSERT INTO works (researcher_ID,project_ID) VALUES ("94", "39");
INSERT INTO works (researcher_ID,project_ID) VALUES ("74", "157");
INSERT INTO works (researcher_ID,project_ID) VALUES ("27", "123");
INSERT INTO works (researcher_ID,project_ID) VALUES ("85", "193");
INSERT INTO works (researcher_ID,project_ID) VALUES ("32", "162");
INSERT INTO works (researcher_ID,project_ID) VALUES ("80", "142");
INSERT INTO works (researcher_ID,project_ID) VALUES ("68", "38");
INSERT INTO works (researcher_ID,project_ID) VALUES ("73", "99");
INSERT INTO works (researcher_ID,project_ID) VALUES ("22", "88");
INSERT INTO works (researcher_ID,project_ID) VALUES ("8", "165");
INSERT INTO works (researcher_ID,project_ID) VALUES ("77", "190");
INSERT INTO works (researcher_ID,project_ID) VALUES ("83", "127");
INSERT INTO works (researcher_ID,project_ID) VALUES ("31", "89");
INSERT INTO works (researcher_ID,project_ID) VALUES ("21", "79");
INSERT INTO works (researcher_ID,project_ID) VALUES ("30", "176");
INSERT INTO works (researcher_ID,project_ID) VALUES ("34", "96");
INSERT INTO works (researcher_ID,project_ID) VALUES ("26", "31");
INSERT INTO works (researcher_ID,project_ID) VALUES ("39", "126");
INSERT INTO works (researcher_ID,project_ID) VALUES ("49", "40");
INSERT INTO works (researcher_ID,project_ID) VALUES ("2", "147");
INSERT INTO works (researcher_ID,project_ID) VALUES ("39", "99");
INSERT INTO works (researcher_ID,project_ID) VALUES ("66", "188");
INSERT INTO works (researcher_ID,project_ID) VALUES ("52", "12");
INSERT INTO works (researcher_ID,project_ID) VALUES ("95", "177");
INSERT INTO works (researcher_ID,project_ID) VALUES ("3", "72");
INSERT INTO works (researcher_ID,project_ID) VALUES ("100", "111");
INSERT INTO works (researcher_ID,project_ID) VALUES ("46", "18");
INSERT INTO works (researcher_ID,project_ID) VALUES ("85", "188");
INSERT INTO works (researcher_ID,project_ID) VALUES ("48", "24");
INSERT INTO works (researcher_ID,project_ID) VALUES ("93", "25");
INSERT INTO works (researcher_ID,project_ID) VALUES ("58", "200");
INSERT INTO works (researcher_ID,project_ID) VALUES ("14", "41");
INSERT INTO works (researcher_ID,project_ID) VALUES ("74", "165");
INSERT INTO works (researcher_ID,project_ID) VALUES ("29", "139");
INSERT INTO works (researcher_ID,project_ID) VALUES ("1", "57");
INSERT INTO works (researcher_ID,project_ID) VALUES ("29", "18");
INSERT INTO works (researcher_ID,project_ID) VALUES ("57", "18");
INSERT INTO works (researcher_ID,project_ID) VALUES ("39", "144");
INSERT INTO works (researcher_ID,project_ID) VALUES ("32", "11");
INSERT INTO works (researcher_ID,project_ID) VALUES ("98", "39");
INSERT INTO works (researcher_ID,project_ID) VALUES ("99", "157");
INSERT INTO works (researcher_ID,project_ID) VALUES ("52", "52");
INSERT INTO works (researcher_ID,project_ID) VALUES ("55", "58");
INSERT INTO works (researcher_ID,project_ID) VALUES ("12", "126");
INSERT INTO works (researcher_ID,project_ID) VALUES ("32", "191");
INSERT INTO works (researcher_ID,project_ID) VALUES ("15", "55");
INSERT INTO works (researcher_ID,project_ID) VALUES ("70", "77");
INSERT INTO works (researcher_ID,project_ID) VALUES ("7", "83");
INSERT INTO works (researcher_ID,project_ID) VALUES ("72", "82");
INSERT INTO works (researcher_ID,project_ID) VALUES ("52", "65");
INSERT INTO works (researcher_ID,project_ID) VALUES ("96", "44");
INSERT INTO works (researcher_ID,project_ID) VALUES ("96", "1");
INSERT INTO works (researcher_ID,project_ID) VALUES ("58", "194");
INSERT INTO works (researcher_ID,project_ID) VALUES ("36", "138");
INSERT INTO works (researcher_ID,project_ID) VALUES ("57", "106");
INSERT INTO works (researcher_ID,project_ID) VALUES ("20", "38");
INSERT INTO works (researcher_ID,project_ID) VALUES ("18", "72");
INSERT INTO works (researcher_ID,project_ID) VALUES ("22", "199");
INSERT INTO works (researcher_ID,project_ID) VALUES ("66", "137");
INSERT INTO works (researcher_ID,project_ID) VALUES ("40", "95");
INSERT INTO works (researcher_ID,project_ID) VALUES ("92", "54");
INSERT INTO works (researcher_ID,project_ID) VALUES ("60", "76");
INSERT INTO works (researcher_ID,project_ID) VALUES ("72", "123");
INSERT INTO works (researcher_ID,project_ID) VALUES ("85", "149");
INSERT INTO works (researcher_ID,project_ID) VALUES ("73", "96");
INSERT INTO works (researcher_ID,project_ID) VALUES ("40", "135");
INSERT INTO works (researcher_ID,project_ID) VALUES ("33", "126");
INSERT INTO works (researcher_ID,project_ID) VALUES ("20", "29");
INSERT INTO works (researcher_ID,project_ID) VALUES ("75", "120");
INSERT INTO works (researcher_ID,project_ID) VALUES ("92", "16");
INSERT INTO works (researcher_ID,project_ID) VALUES ("64", "86");
INSERT INTO works (researcher_ID,project_ID) VALUES ("100", "188");
INSERT INTO works (researcher_ID,project_ID) VALUES ("71", "31");
INSERT INTO works (researcher_ID,project_ID) VALUES ("67", "165");
INSERT INTO works (researcher_ID,project_ID) VALUES ("27", "96");
INSERT INTO works (researcher_ID,project_ID) VALUES ("64", "13");
INSERT INTO works (researcher_ID,project_ID) VALUES ("55", "181");
INSERT INTO works (researcher_ID,project_ID) VALUES ("69", "13");
INSERT INTO works (researcher_ID,project_ID) VALUES ("76", "87");
INSERT INTO works (researcher_ID,project_ID) VALUES ("63", "52");
INSERT INTO works (researcher_ID,project_ID) VALUES ("19", "34");
INSERT INTO works (researcher_ID,project_ID) VALUES ("99", "69");
INSERT INTO works (researcher_ID,project_ID) VALUES ("67", "81");
INSERT INTO works (researcher_ID,project_ID) VALUES ("100", "36");
INSERT INTO works (researcher_ID,project_ID) VALUES ("44", "121");
INSERT INTO works (researcher_ID,project_ID) VALUES ("32", "109");
INSERT INTO works (researcher_ID,project_ID) VALUES ("48", "183");
INSERT INTO works (researcher_ID,project_ID) VALUES ("36", "129");
INSERT INTO works (researcher_ID,project_ID) VALUES ("7", "161");
INSERT INTO works (researcher_ID,project_ID) VALUES ("93", "192");
INSERT INTO works (researcher_ID,project_ID) VALUES ("9", "41");
INSERT INTO works (researcher_ID,project_ID) VALUES ("56", "148");
INSERT INTO works (researcher_ID,project_ID) VALUES ("49", "39");
INSERT INTO works (researcher_ID,project_ID) VALUES ("81", "49");
INSERT INTO works (researcher_ID,project_ID) VALUES ("14", "40");
INSERT INTO works (researcher_ID,project_ID) VALUES ("55", "38");
INSERT INTO works (researcher_ID,project_ID) VALUES ("14", "63");
INSERT INTO works (researcher_ID,project_ID) VALUES ("24", "106");
INSERT INTO works (researcher_ID,project_ID) VALUES ("33", "53");
INSERT INTO works (researcher_ID,project_ID) VALUES ("21", "150");
INSERT INTO works (researcher_ID,project_ID) VALUES ("6", "165");
INSERT INTO works (researcher_ID,project_ID) VALUES ("65", "67");
INSERT INTO works (researcher_ID,project_ID) VALUES ("60", "179");
INSERT INTO works (researcher_ID,project_ID) VALUES ("82", "163");
INSERT INTO works (researcher_ID,project_ID) VALUES ("3", "67");
INSERT INTO works (researcher_ID,project_ID) VALUES ("4", "84");
INSERT INTO works (researcher_ID,project_ID) VALUES ("68", "184");
INSERT INTO works (researcher_ID,project_ID) VALUES ("40", "196");
INSERT INTO works (researcher_ID,project_ID) VALUES ("27", "111");
INSERT INTO works (researcher_ID,project_ID) VALUES ("54", "42");
INSERT INTO works (researcher_ID,project_ID) VALUES ("76", "143");
INSERT INTO works (researcher_ID,project_ID) VALUES ("8", "172");
INSERT INTO works (researcher_ID,project_ID) VALUES ("95", "116");
INSERT INTO works (researcher_ID,project_ID) VALUES ("61", "84");
INSERT INTO works (researcher_ID,project_ID) VALUES ("95", "64");
INSERT INTO works (researcher_ID,project_ID) VALUES ("43", "103");
INSERT INTO works (researcher_ID,project_ID) VALUES ("90", "198");
INSERT INTO works (researcher_ID,project_ID) VALUES ("98", "117");
INSERT INTO works (researcher_ID,project_ID) VALUES ("53", "64");
INSERT INTO works (researcher_ID,project_ID) VALUES ("86", "166");
INSERT INTO works (researcher_ID,project_ID) VALUES ("7", "6");
INSERT INTO works (researcher_ID,project_ID) VALUES ("15", "13");
INSERT INTO works (researcher_ID,project_ID) VALUES ("5", "128");
INSERT INTO works (researcher_ID,project_ID) VALUES ("28", "168");
INSERT INTO works (researcher_ID,project_ID) VALUES ("64", "31");
INSERT INTO works (researcher_ID,project_ID) VALUES ("72", "122");
INSERT INTO works (researcher_ID,project_ID) VALUES ("83", "168");
INSERT INTO works (researcher_ID,project_ID) VALUES ("58", "9");
INSERT INTO works (researcher_ID,project_ID) VALUES ("72", "125");
INSERT INTO works (researcher_ID,project_ID) VALUES ("10", "179");
INSERT INTO works (researcher_ID,project_ID) VALUES ("67", "30");
INSERT INTO works (researcher_ID,project_ID) VALUES ("54", "120");
INSERT INTO works (researcher_ID,project_ID) VALUES ("35", "162");
INSERT INTO works (researcher_ID,project_ID) VALUES ("51", "133");
INSERT INTO works (researcher_ID,project_ID) VALUES ("83", "179");
INSERT INTO works (researcher_ID,project_ID) VALUES ("57", "151");
INSERT INTO works (researcher_ID,project_ID) VALUES ("56", "9");
INSERT INTO works (researcher_ID,project_ID) VALUES ("24", "155");
INSERT INTO works (researcher_ID,project_ID) VALUES ("5", "6");
INSERT INTO works (researcher_ID,project_ID) VALUES ("46", "78");
INSERT INTO works (researcher_ID,project_ID) VALUES ("89", "169");
INSERT INTO works (researcher_ID,project_ID) VALUES ("29", "158");
INSERT INTO works (researcher_ID,project_ID) VALUES ("14", "4");
INSERT INTO works (researcher_ID,project_ID) VALUES ("65", "3");
INSERT INTO works (researcher_ID,project_ID) VALUES ("28", "127");
INSERT INTO works (researcher_ID,project_ID) VALUES ("51", "112");
INSERT INTO works (researcher_ID,project_ID) VALUES ("47", "9");
INSERT INTO works (researcher_ID,project_ID) VALUES ("48", "133");
INSERT INTO works (researcher_ID,project_ID) VALUES ("22", "127");
INSERT INTO works (researcher_ID,project_ID) VALUES ("16", "65");
INSERT INTO works (researcher_ID,project_ID) VALUES ("16", "197");
INSERT INTO works (researcher_ID,project_ID) VALUES ("12", "26");
INSERT INTO works (researcher_ID,project_ID) VALUES ("64", "182");
INSERT INTO works (researcher_ID,project_ID) VALUES ("66", "193");
INSERT INTO works (researcher_ID,project_ID) VALUES ("52", "33");
INSERT INTO works (researcher_ID,project_ID) VALUES ("41", "54");
INSERT INTO works (researcher_ID,project_ID) VALUES ("55", "2");
INSERT INTO works (researcher_ID,project_ID) VALUES ("67", "103");
INSERT INTO works (researcher_ID,project_ID) VALUES ("14", "160");
INSERT INTO works (researcher_ID,project_ID) VALUES ("28", "40");
INSERT INTO works (researcher_ID,project_ID) VALUES ("39", "89");
INSERT INTO works (researcher_ID,project_ID) VALUES ("23", "43");
INSERT INTO works (researcher_ID,project_ID) VALUES ("24", "66");
INSERT INTO works (researcher_ID,project_ID) VALUES ("29", "97");
INSERT INTO works (researcher_ID,project_ID) VALUES ("57", "3");
INSERT INTO works (researcher_ID,project_ID) VALUES ("42", "82");
INSERT INTO works (researcher_ID,project_ID) VALUES ("74", "154");
INSERT INTO works (researcher_ID,project_ID) VALUES ("34", "184");
INSERT INTO works (researcher_ID,project_ID) VALUES ("53", "171");
INSERT INTO works (researcher_ID,project_ID) VALUES ("57", "80");
INSERT INTO works (researcher_ID,project_ID) VALUES ("26", "55");
INSERT INTO works (researcher_ID,project_ID) VALUES ("83", "54");
INSERT INTO works (researcher_ID,project_ID) VALUES ("73", "7");
INSERT INTO works (researcher_ID,project_ID) VALUES ("98", "53");
INSERT INTO works (researcher_ID,project_ID) VALUES ("24", "46");
INSERT INTO works (researcher_ID,project_ID) VALUES ("13", "51");
INSERT INTO works (researcher_ID,project_ID) VALUES ("44", "107");
INSERT INTO works (researcher_ID,project_ID) VALUES ("34", "194");
INSERT INTO works (researcher_ID,project_ID) VALUES ("11", "103");
INSERT INTO works (researcher_ID,project_ID) VALUES ("98", "83");
INSERT INTO works (researcher_ID,project_ID) VALUES ("76", "162");
INSERT INTO works (researcher_ID,project_ID) VALUES ("11", "173");
INSERT INTO works (researcher_ID,project_ID) VALUES ("38", "200");
INSERT INTO works (researcher_ID,project_ID) VALUES ("30", "38");
INSERT INTO works (researcher_ID,project_ID) VALUES ("13", "199");
INSERT INTO works (researcher_ID,project_ID) VALUES ("38", "157");
INSERT INTO works (researcher_ID,project_ID) VALUES ("92", "115");
INSERT INTO works (researcher_ID,project_ID) VALUES ("7", "113");
INSERT INTO works (researcher_ID,project_ID) VALUES ("92", "136");
INSERT INTO works (researcher_ID,project_ID) VALUES ("64", "11");
INSERT INTO works (researcher_ID,project_ID) VALUES ("55", "153");
INSERT INTO works (researcher_ID,project_ID) VALUES ("63", "21");
INSERT INTO works (researcher_ID,project_ID) VALUES ("55", "138");
INSERT INTO works (researcher_ID,project_ID) VALUES ("32", "192");
INSERT INTO works (researcher_ID,project_ID) VALUES ("25", "165");
INSERT INTO works (researcher_ID,project_ID) VALUES ("57", "177");
INSERT INTO works (researcher_ID,project_ID) VALUES ("14", "183");
INSERT INTO works (researcher_ID,project_ID) VALUES ("91", "120");
INSERT INTO works (researcher_ID,project_ID) VALUES ("58", "101");
INSERT INTO works (researcher_ID,project_ID) VALUES ("65", "114");
INSERT INTO works (researcher_ID,project_ID) VALUES ("56", "134");
INSERT INTO works (researcher_ID,project_ID) VALUES ("96", "173");
INSERT INTO works (researcher_ID,project_ID) VALUES ("40", "184");
INSERT INTO works (researcher_ID,project_ID) VALUES ("43", "40");
INSERT INTO works (researcher_ID,project_ID) VALUES ("36", "116");
INSERT INTO works (researcher_ID,project_ID) VALUES ("22", "47");
INSERT INTO works (researcher_ID,project_ID) VALUES ("30", "131");
INSERT INTO works (researcher_ID,project_ID) VALUES ("27", "79");
INSERT INTO works (researcher_ID,project_ID) VALUES ("28", "122");
INSERT INTO works (researcher_ID,project_ID) VALUES ("72", "64");
INSERT INTO works (researcher_ID,project_ID) VALUES ("14", "144");
INSERT INTO works (researcher_ID,project_ID) VALUES ("11", "15");
INSERT INTO works (researcher_ID,project_ID) VALUES ("2", "38");
INSERT INTO works (researcher_ID,project_ID) VALUES ("58", "66");
INSERT INTO works (researcher_ID,project_ID) VALUES ("18", "120");
INSERT INTO works (researcher_ID,project_ID) VALUES ("62", "153");
INSERT INTO works (researcher_ID,project_ID) VALUES ("22", "4");
INSERT INTO works (researcher_ID,project_ID) VALUES ("34", "157");
INSERT INTO works (researcher_ID,project_ID) VALUES ("72", "126");
INSERT INTO works (researcher_ID,project_ID) VALUES ("83", "150");
INSERT INTO works (researcher_ID,project_ID) VALUES ("44", "99");
INSERT INTO works (researcher_ID,project_ID) VALUES ("8", "92");
INSERT INTO works (researcher_ID,project_ID) VALUES ("24", "18");
INSERT INTO works (researcher_ID,project_ID) VALUES ("45", "106");
INSERT INTO works (researcher_ID,project_ID) VALUES ("34", "60");
INSERT INTO works (researcher_ID,project_ID) VALUES ("22", "48");
INSERT INTO works (researcher_ID,project_ID) VALUES ("3", "74");
INSERT INTO works (researcher_ID,project_ID) VALUES ("44", "170");
INSERT INTO works (researcher_ID,project_ID) VALUES ("82", "133");
INSERT INTO works (researcher_ID,project_ID) VALUES ("80", "192");
INSERT INTO works (researcher_ID,project_ID) VALUES ("50", "163");
INSERT INTO works (researcher_ID,project_ID) VALUES ("99", "142");
INSERT INTO works (researcher_ID,project_ID) VALUES ("36", "52");
INSERT INTO works (researcher_ID,project_ID) VALUES ("69", "188");
INSERT INTO works (researcher_ID,project_ID) VALUES ("5", "90");
INSERT INTO works (researcher_ID,project_ID) VALUES ("44", "38");
INSERT INTO works (researcher_ID,project_ID) VALUES ("17", "190");
INSERT INTO works (researcher_ID,project_ID) VALUES ("29", "38");
INSERT INTO works (researcher_ID,project_ID) VALUES ("60", "80");
INSERT INTO works (researcher_ID,project_ID) VALUES ("84", "33");
INSERT INTO works (researcher_ID,project_ID) VALUES ("100", "64");
INSERT INTO works (researcher_ID,project_ID) VALUES ("87", "167");
INSERT INTO works (researcher_ID,project_ID) VALUES ("26", "110");
INSERT INTO works (researcher_ID,project_ID) VALUES ("7", "23");
INSERT INTO works (researcher_ID,project_ID) VALUES ("21", "141");
INSERT INTO works (researcher_ID,project_ID) VALUES ("26", "63");
INSERT INTO works (researcher_ID,project_ID) VALUES ("77", "3");
INSERT INTO works (researcher_ID,project_ID) VALUES ("9", "108");


ALTER TABLE researchers
ADD age VARCHAR(40);

UPDATE researchers SET age = CONCAT
(
FLOOR((TIMESTAMPDIFF(MONTH, birth_date, CURDATE()) / 12)), ' YEARS ',
MOD(TIMESTAMPDIFF(MONTH, birth_date, CURDATE()), 12) , ' MONTHS'
);

ALTER TABLE projects
ADD duration INT UNSIGNED;

UPDATE projects SET duration = TIMESTAMPDIFF(YEAR,project_starting_date,project_due_date);

DROP VIEW IF EXISTS view_projects_researcher;

CREATE VIEW view_projects_researcher AS 
SELECT researchers.first_name,
	researchers.last_name,
    projects.project_title
FROM (researchers JOIN works ON works.researcher_ID = researchers.researcher_ID)
JOIN projects ON works.project_ID = projects.project_ID 
ORDER BY researchers.last_name, researchers.first_name;

DROP VIEW IF EXISTS view_projects_sf;

CREATE VIEW view_projects_sf AS 
SELECT belongs_to.scientific_field,
    projects.project_title
FROM projects JOIN belongs_to ON belongs_to.project_ID = projects.project_ID 
ORDER BY projects.project_title;



